id,status,system,quantity,value,stage,script,output,data_deps,superseded_by,note
bin-boost-raw,CO-QUOTED,EDR3,wide-binary vtilde median boost (raw),1.086 (CI 1.064-1.110),2C/2D,calcs/stage2c_vtilde_data.py,,EDR3-14071,bin-boost-corr,perspective-uncorrected; quote with the corrected anchor per correction #12; smear-immune
bin-boost-corr,CO-QUOTED,EDR3,wide-binary vtilde median boost (perspective-corrected),1.078 (CI 1.052-1.103),4Q,calcs/stage4q_perspective.py,data/stage4q_perspective.txt,EDR3-14071,bin-7j-paircorr,"the anchor; correction #12 (Cookson-prompted audit); Newton+perspective reaches only 1.016; correction #15 (7J): smear-immune is NOT companion-immune - carrier status pending 7J-z (repaired completeness) + 7K-a EXECUTED: the landed Newton-best cell forward-produces R = 1.033/1.043 (GRAY - above SURVIVES 1.030, below the data CI 1.052) = roughly half absorbed, unabsorbed excess +0.035-0.045; the anchor stands as a model-light excess over Newton+absorbers, not a standalone Newton-killer"
bin-boost-perp,CO-QUOTED,EDR3,perpendicular-component boost,1.151 (CI 1.115-1.197),4Q,calcs/stage4q_perspective.py,data/stage4q_perspective.txt,EDR3-14071,bin-7j-paircorr,immune component boosts MORE than full vtilde = opposite of the perspective artifact; correction #15 (7J): companion wobble also feeds the perpendicular component - carrier status pending 7J-z + 7K
bin-gnext,CURRENT,EDR3,Newtonian external field for the EFE tables,"g_N,ext = 1.15+-0.05 a0 (RAR inversion of the MW field)",3S/3T,calcs/stage3s_gext_fit.py,data/stage3s_summary.txt,SPARC-RAR-inversion,,"supersedes the e_N=1.9 AQUAL-convention value (see ret-en19); Cookson g_N,e=1.184a0 confirms to 3%"
bin-alpha-final,CO-QUOTED,EDR3,"boost amplitude alpha at g_N,ext = 1.2 a0",simple 1.18+-0.11 / BE 1.13+-0.13; interior 1000/1000 and 998/1000,3U/3V,calcs/stage3p_v7budget.py,data/stage3u_summary.txt,EDR3-14071;v7,bin-7j-marginal,"the headline measurement; realization scatter 0.045/0.039; both consistent with parameter-free alpha=1; CONDITIONAL on the multiplicity fence f_comp <= 0.1 - at the 7J-measured multiplicity the marginalized alpha is 0.00 (quote together, 7J)"
bin-alpha-v7cond,SUPERSEDED,EDR3,alpha (v7 conditional on the wrong-convention field e_N=1.9),simple 1.52+-0.46 / BE 1.54+-0.13,3P/3Q,calcs/stage3p_v7budget.py,data/stage3q_summary.txt,EDR3-14071;v7,bin-alpha-final,conditional on the Stage-2G convention bug; never quote as final
bin-newton-final,CO-QUOTED,EDR3,Newton rejection (bootstrap at the physical field),excluded in all 2000 bootstrap contests; min +53 lnL,3U/3V,calcs/stage3q_v7boot.py,data/stage3v_boot.txt,EDR3-14071;v7,bin-7j-marginal,"fence-conditional (f_comp <= 0.1): at the 7J-measured multiplicity Newton ties in the marginal (quote together, 7J)"
bin-newton-v7corr,CO-QUOTED,EDR3,Newton rejection (corrected velocities; six paired seeds),+103+-9 (simple) / +90+-7 (BE); min +84,4R,calcs/stage4r_corrected_refit.py,data/stage4r_summary.txt,EDR3-14071;v7corr,bin-7j-marginal,Newton cedes ~5 lnL to the perspective correction; alpha shift zero within errors; fence-conditional (f_comp <= 0.1) - quote with the 7J marginalized verdict
bin-wrad,CURRENT,EDR3,near-parabolic (e>0.9) sub-population fraction,w_rad = 0.20; interior in every model class (12/12 and 22/24 seeds),3N,calcs/stage3n_v6b.py,data/stage3n_summary.txt,EDR3-14071,,externally validated: Hwang+22 superthermal e-law implies 20-22% at e>0.9
bin-lean-simple,CURRENT,EDR3,simple-over-BE binary lnL lean,simple better by 12.6+-2.4 SE (corrected velocities),4R,calcs/stage4r_corrected_refit.py,data/stage4r_summary.txt,EDR3-14071;v7corr,,binaries only; SPARC is agnostic (see ret-sparc-simple)
bin-ceiling,CURRENT,EDR3,perpendicular-velocity ceiling census,11 pairs in the Newton-forbidden band [sqrt2 1.67); leakage null P=3.8e-9; cliff at sqrt(2x1.36)=1.65 (P=0.62/0.91); +-1 pair at edges after perspective,4J/4Q,calcs/stage4j_gamma82.py,data/stage4j_gamma82.txt,EDR3-14071,,small-N caveat stated; sqrt2 band = P&S/B&Z founding prior art (correction #11); ours = the perpendicular census + edge termination; 7J note: the leakage null predates the completeness measurement - re-derivation under measured multiplicity + photocenter wobble = 7K-b (now the decisive channel)
bin-fly90,CURRENT,EDR3,90-degree-arm flyby template closure,+4.7/+3.4 lnL; alpha moved <= 0.06,4M,calcs/stage4m_fly90.py,data/stage4m_summary.txt,EDR3-14071,,the 4J ceiling residual closed as model-shape; boost untouched
bin-rchance,CURRENT,EDR3,chance-alignment stress test,boost stable under 20x R_chance tightening (max drift 0.033; all CIs overlap),4I,calcs/stage4i_rchance.py,data/stage4i_rchance.txt,EDR3-14071,,wide-bin drift runs opposite to a contamination bias
bin-fcomp,CURRENT,EDR3,companion-fraction cap from the vtilde shape,f_comp <= 0.1,3K,calcs/stage3k_v5fit.py,data/stage3k_summary.txt,EDR3-14071,,physical-multiplicity model fits 420 lnL WORSE than the smear; hidden-triples disfavored by shape and amplitude
bin-overlum,CURRENT,EDR3,overluminous component-star fraction,12.3% (unresolved companions),3J,calcs/stage3j_massbudget.py,data/stage3j_summary.txt,EDR3-14071,,
bin-sigmamass,CURRENT,EDR3,photometric mass error (measured),sigma_m(mass) = 0.024 (MS width 0.275 mag) - 12x below the fitted 0.30 smear,3J,calcs/stage3j_massbudget.py,data/stage3j_summary.txt,EDR3-14071,,mass-error hypothesis for the broadening REFUTED
bin-sflat-fact,CURRENT,EDR3,v7 error-model fact: s-flat per-system scatter,~+37 lnL available (flat-8 control); alpha exposure <= +0.08 (inside the +-0.11 systematic),6P-b,calcs/stage6pb_extend.py,data/stage6pb_extend.txt,EDR3-14071;v7,,3E/3J sigma_m echo; found by the frozen-bath control; low-priority refinement item
bin-c1,CO-QUOTED,EDR3,binary c1 (lambda-family),0.37-0.50; c1=0 rejected dlnL ~20 per seed; alpha edge-rides at low lambda = shape rejection,4X,calcs/stage4x_binlam.py,data/stage4x_summary.txt,EDR3-14071;v7,bin-7jd-unsuspension,"independent of the galaxy dial; two disconnected systems read the same dial; 7J-d SUPERSESSION: under the landed width-complete posterior the lambda profile is FLAT (peak c1 0.375 seed 31 / 0.000 seed 101, rejection margins +3.4/+0.0, both inside the +/-5 tie band) - the c1=0 rejection was a FENCED-model result; the binary c1 leg carries no landed-model constraint; quote as fence-conditional only"
bin-beta-bound,CURRENT,EDR3,mixing-family beta bound (binaries),beta < 0.030 (1sigma) / < 0.121 (2sigma); beta=0 beats every beta>0 on all 24 seed-contests,5R,calcs/stage5r_binbeta.py,data/stage5r_profile.txt,EDR3-14071;v7,,b075 alpha-edge 5/6 = shape rejection; b025 interior
bin-a0-half,CURRENT,EDR3,binary a0 translation (half-branch),1.48+-0.18 (simple; kappa=0.78) / 1.37+-0.17 e-10 (BE; kappa=0.92) = +2.5/+1.9 sigma vs cH0/2pi,4V,calcs/stage4v_scorecard.py,data/stage4v_scorecard.txt,EDR3-14071,,the sharpest internal tension at p=1/2; carried openly
bin-a0-sharp,CURRENT,EDR3,binary a0 translation (sharp running functions),1.51-1.59e-10 = +4.3..+5.1 sigma (5L); kappa=1.26-1.35 puts F1-F3 at +5.2..+6.3 sigma (5Y; F4 edge-n/a),5L/5Y,calcs/stage5l_ladder.py,data/stage5l_ladder.txt,EDR3-14071,,the temperature wall for sharpened functions
bin-a0-amb,CURRENT,EDR3,binary a0 translation (ambient-gated bath),1.28+-0.15e-10 (kappa=0.924) = +1.6 sigma,6G,calcs/stage6g_ambbin.py,data/stage6g_summary.txt,EDR3-14071,,best temperature row in the program (beats BE's +1.9)
gal-a0-scorecard,CURRENT,SPARC,galaxy a0 vs cH0/2pi,+0.1 sigma (simple leg) / -0.5 sigma (BE leg),4V,calcs/stage4v_scorecard.py,data/stage4v_scorecard.txt,SPARC-153,,the temperature check passes on the galaxy side
gal-a0-hier,CURRENT,SPARC,a0 under the full hierarchy (vertical channel),1.04-1.13e-10 across ALL hier fits = cH0/2pi,5M,calcs/stage5m_hierv.py,data/stage5m_hierv.txt,SPARC-153,,the program's strongest temperature-lock statement
gal-p-fixedml,SUPERSEDED,SPARC,screening index p (fixed M/L),0.443 +0.063/-0.050,pre-4H,calcs/sparc_rar_fit.py,,SPARC-153,gal-p-marg,error understated without M/L marginalization
gal-p-marg,CURRENT,SPARC,screening index p (M/L-marginalized; primary),0.578 +0.121/-0.115; p=1/2 sits 0.7 sigma interior,4H,calcs/stage4h_p_ml.py,data/stage4h_p_ml.txt,SPARC-153,,convergent with the hier tail vote (gal-tail-p)
gal-fd,CURRENT,SPARC,disk M/L scale,f_d = 1.22+-0.10,4H,calcs/stage4h_p_ml.py,data/stage4h_p_ml.txt,SPARC-153,,
gal-a0-marg,CURRENT,SPARC,a0 (flat; M/L-marginalized),(1.05+-0.10)e-10,4H,calcs/stage4h_p_ml.py,data/stage4h_p_ml.txt,SPARC-153,,
gal-cassini-p,CURRENT,solar,Cassini floor on the screening index,requires p > 0.234; measured 16th percentile 0.462 = comfortably passed,4H,calcs/stage4h_p_ml.py,data/stage4h_p_ml.txt,Cassini-Hees14,,the sharpness floor is NOT the binding solar constraint - the quadrupole is (sol-quadrupole)
gal-nlo-raw,CO-QUOTED,SPARC,NLO c1=1/2 branch test (raw chi2),half-branch beats standard-mu in 198-200/200 galaxy bootstraps,4B,calcs/stage4b_branchcomp.py,data/stage4b_branch.txt,SPARC-153,gal-nlo-honest,quote BOTH treatments (correction #8b)
gal-nlo-honest,CURRENT,SPARC,NLO branch test (scatter-marginalized),strong sign-robust lean: Delta-2lnL = -56; 166/200; deep window alone agnostic,4E,calcs/stage4e_lensing_rar.py,data/stage4e_lensing.txt,SPARC-153,,apparently the first empirical test of the C&T expansion structure
gal-nnlo,CURRENT,SPARC,NNLO within-branch (1/12 vs 1/8),no verdict in either treatment,4B/4E,calcs/stage4e_lensing_rar.py,data/stage4e_lensing.txt,SPARC-153,,the earlier slight-simple lean was a raw-chi2 artifact (retracted)
gal-lensing-null,CURRENT,lensing,rung-2 lensing discrimination,HONEST NULL: resolving power 0.09-0.10 sigma; within-branch BE-simple -19+-15 carried by 3/153 galaxies,4E,calcs/stage4e_lensing_rar.py,data/stage4e_lensing.txt,KiDS-Mistele24-Brouwer21,,the 0.2-dex lensing stellar-mass systematic is the wall; needs ~0.02 dex or DR4
gal-newton-lensing,CURRENT,lensing,Newton on the lensing RAR,+2777 (simple) / +1659 (BE) on 15 lensing points alone,4E,calcs/stage4e_lensing_rar.py,data/stage4e_lensing.txt,KiDS-Mistele24-Brouwer21,,
gal-c1-flat,CO-QUOTED,SPARC+lensing,c1 (flat M/L; joint SPARC+lensing),0.450 (profile 0.385-0.519; galaxy-bootstrap 0.43 +0.29/-0.25); c1=0 excluded (Delta-2lnL 56.3; 7.5 sigma profile / 95.5% bootstrap); 1/4 disfavored 3.1 sigma,4S,calcs/stage4s_c1fit.py,data/stage4s_c1fit.txt,SPARC-153;KiDS,gal-c1-hier,flat-M/L-conditional per 4Z; bootstrap primary for the exclusion grade
gal-c1-hier,CURRENT,SPARC,c1 (hierarchical M/L),0.258 (0.208-0.309); combined galaxy dial c1 in 0.26-0.45; 0 excluded everywhere; 1/4-vs-1/2 OPEN,4Z,calcs/stage4z_hierc1.py,data/stage4z_hierc1.txt,SPARC-153,,injection unbiased (lambda 1 -> 1.03); the +-0.2 profile spread is real structure
gal-bathN,CURRENT,SPARC,bath mode count (RAR second moment),CONSTRAINT not detection: N ~ 20-60 (flat->hier M/L); scatter floor 0.101 -> 0.059 -> 0.034 dex; vertical freedom absorbs the term (N->189) = identifiability boundary,4T/4U/4W,calcs/stage4t_bathnoise.py,data/stage4t_bathnoise.txt,SPARC-153,,calibrated injection gate FAILED at 4U/4W - honest boundary; unlock = external distance anchors (O1b)
gal-x1bump,CURRENT,SPARC,x~1 transition scatter bump,0.054 dex vs 0.026-0.035 elsewhere; survives every per-galaxy marginalization = POINT-LEVEL,4W/5A,calcs/stage5a_bumpid.py,data/stage5a_bumpid.txt,SPARC-153,,probable un-marginalized M/L + transition physics mixture; environmental EFE ruled down by 5B/5E
gal-efe-env,CURRENT,SPARC+Chae21,environmental EFE visibility in the RAR scatter,beta_env = 0.044; beta=1 (collinear max-clustering) excluded at +168; deep-end visibility <= 2-5%,5B/5E,calcs/stage5e_envtest_conv.py,data/stage5e_envtest_conv.txt,SPARC-153;Chae21-T3,,convergent with Desmond-23 weak-EFE; thermal trend survives the environmental control
gal-tail-p,CURRENT,SPARC,hierarchical tail exponent,p_hier ~ 0.65 (nu_p converged; leads p=1/2 by 56.4),5G,calcs/stage5g_tailtest.py,data/stage5g_tailtest.txt,SPARC-153,,75% of the boot flip = tail sharpness alone; the hier galaxies vote for sharper screening
gal-beta-mix,CURRENT,SPARC,mixing-family beta (galaxies),profile 0.64 plain / 0.45 vertical; DECOMPOSES: deep+transition vote 0; tail votes 1/2-3/4,5P/5T,calcs/stage5t_betasplit.py,data/stage5t_betasplit.txt,SPARC-153,,the family's c1*p=1/4 lock is what the data strain against (they ask c1~0.4-0.5 AND p~0.65-0.75)
gal-legcount,CURRENT,SPARC+Chae21,grammar leg count,L=2 POINT-PREFERRED (vertical: L1 -52.76 / L2 -59.05 / L3 -54.52); bootstrap DEFLATES the measurement: L1-rejection 29/40 = lean; L2-vs-L3 21/40 = unresolved; L2 strictly best 10/40,6I/6L,calcs/stage6l_legboot.py,data/stage6l_legboot.txt,SPARC-153;Chae21-T3,,CORRECTION #13; the 153-galaxy deep arm too thin to read the c_(L+1) rung at population grade
gal-chae-ambients,CURRENT,SPARC+Chae21,measured per-galaxy ambient fields,median gate 0.868 (maxclust) / 0.952 (noclust) vs fiducial 0.754; improve every AMB treatment at zero parameters; noclust-vs-maxclust ~5 lnL input ambiguity carried,6H/6I,calcs/stage6i_chaegate.py,data/stage6i_chaegate.txt,Chae21-T3,,"resolved the 6F plain <=-100 bar - ATTRIBUTION CORRECTED by 6Z (correction #14): the gain is gate HETEROGENEITY (generic under permutation), not ordering; the number stands, the environmental-ordering reading is withdrawn"
gal-ordering,CURRENT,SPARC+Chae21,the gate-ordering shuffle test (6Y's P2 in-sample),ANTI at weak grade: the true assignment loses to ALL 8 distribution-preserving shuffles (true -61.62 vs null -62.91+-0.80; 0/8; empirical p ~ 0.11); the measured-ambient gains are heterogeneity-generic = CORRECTION #14,6Z,calcs/stage6z_ordering.py,data/stage6z_ordering.txt,SPARC-153;Chae21-T3,,"pre-reg 0e0f4fc; regressions exact (BE d=-0.00, TRUE dd=+0.06); ordering prediction moves fully out-of-sample (DR4-era); amplitude-level legs (two-system split, binary acceptance, postdictions, ceiling, M=1 theorem) untouched"
galfn-gm,CURRENT,SPARC,geometric-mean bath vs BE (galaxies),leads BE by 84.8 plain / 42.7 vertical,5V,calcs/stage5v_rungal.py,data/stage5v_rungal.txt,SPARC-153,,zero parameters; c1=1/3; tail p=3/4
galfn-f1f2,CURRENT,SPARC,spontaneous-fraction F1/F2 vs BE (galaxies),lead BE: F2 -107.2 / F1 -101.3 plain; -51.9 / -44.3 vertical,5V,calcs/stage5v_rungal.py,data/stage5v_rungal.txt,SPARC-153,,
galfn-f3f4,CURRENT,SPARC,two-leg F3/F4 vs BE (galaxies),lead BE: F3 -111.4 / -50.9; F4 -108.7 / -64.2 = biggest controlled galaxy lead,6A,calcs/stage6a_twogal.py,data/stage6a_twogal.txt,SPARC-153,,
galfn-amb,CURRENT,SPARC+Chae21,ambient-gated bath vs BE (galaxies),fiducial: -59.05 vertical / -92.4 plain; measured ambients: -61.68 vertical / -100.5 (maxclust) and -105.9 (noclust) plain,6F/6I,calcs/stage6i_chaegate.py,data/stage6i_chaegate.txt,SPARC-153;Chae21-T3,,vertical pass of the pre-registered <=-50 bar; plain bar resolved by measured ambients
galfn-boot-hier,CURRENT,SPARC,boot (quarter-cell) under hier M/L,beats BE by 75.6 (no vertical channel); bootstrap 43/50; COLLAPSES to -9 when the measured vertical channel is added (5M),5C/5D,calcs/stage5d_hierbath_conv.py,data/stage5d_hierbath_conv.txt,SPARC-153,,the quarter cell is dead everywhere once vertical freedom + binaries are counted
galfn-simple-hier,CURRENT,SPARC,simple-nu under hier M/L,falls LAST: 99 behind BE,5C/5D,calcs/stage5d_hierbath_conv.py,data/stage5d_hierbath_conv.txt,SPARC-153,,strong lean (no bootstrap run); flat-SPARC remains agnostic; binaries prefer simple - the two-system tension in one row
boot-f4,CURRENT,SPARC,F4-BE galaxy bootstrap grade,-57.4+-38.3; F4 ahead 37/40 (92.5%),6C,calcs/stage6c_f4boot.py,data/stage6c_f4boot.txt,SPARC-153,,strongest function grade (tied with AMB); a strong lean; not a detection
boot-amb,CURRENT,SPARC+Chae21,AMB(pgmax)-BE galaxy bootstrap grade,-56.71+-35.65; AMB ahead 37/40 (92.5%); percentiles [-88.7 -59.9 -15.7],6J,calcs/stage6j_ambboot.py,data/stage6j_ambboot.txt,SPARC-153;Chae21-T3,,same top grade as F4 while binary-compatible (F4 is not)
boot-gm,CURRENT,SPARC,gm-BE galaxy bootstrap grade,-29.27+-52.98; gm ahead 29/40 (72%),5N,calcs/stage5n_dvboot.py,data/stage5n_dvboot.txt,SPARC-153,,a lean; quoted as such everywhere
binfn-pref-half,CURRENT,EDR3,binary tail vote (p=1/2 preference),sign-consistent 12/12: p0578 trails by +7.7+-0.7; p065 by +5.8+-1.3; gm by +10.4+-2.8,5K,calcs/stage5k_binprofile.py,data/stage5k_summary.txt,EDR3-14071;v7,,the binaries want p=1/2 under the dominant ambient field
binfn-p065,CURRENT,EDR3,nu_p(0.65) binary contest,trails BE by 5.2+-0.9 lnL (six seeds); alpha interior - ACCEPTED (5H),5O,calcs/stage5o_seeds.py,data/stage5o_summary.txt,EDR3-14071;v7,,first function found viable on both systems
binfn-gm,CURRENT,EDR3,geometric-mean bath binary contest,trails BE by 8.5+-2.1 lnL; alpha interior 1.36+-0.07,5O,calcs/stage5o_seeds.py,data/stage5o_summary.txt,EDR3-14071;v7,,
binfn-f1f2,CURRENT,EDR3,spontaneous-fraction F1/F2 binary contest,trail BE by 5.8+-1.9 (F1) / 5.5+-2.3 (F2); interior 12/12; alpha 1.395/1.487,5W,calcs/stage5w_runbin.py,data/stage5w_summary.txt,EDR3-14071;v7,,a third of the gm gap closed; pre-stated bands straddled = improved NOT accepted
binfn-f3f4,CURRENT,EDR3,two-leg F3/F4 binary contest,trail BE by 6.84 (F3; interior) / 6.96 (F4; alpha-EDGE 6/6 = shape rejection),6B,calcs/stage6b_twobin.py,data/stage6b_summary.txt,EDR3-14071;v7,,penalty ~constant (-5..-8.5) across eight sharpened functions independent of nu(1): the binaries reject the screening behavior under the dominant external field
binfn-boot,CURRENT,EDR3,boot (quarter-cell) binary contest,VETO: trails the half-branch by +17-24 lnL; alpha edge-rides both seeds = shape rejection of the nu(1)=1.35 transition,5F,calcs/stage5f_bootbin.py,data/stage5f_summary.txt,EDR3-14071;v7,,
binfn-amb,CURRENT,EDR3,ambient-gated bath binary contest,-0.88+-2.66 vs BE = TIE (2/6 seeds prefer AMB); interior 6/6; alpha = 1.060+-0.024,6G,calcs/stage6g_ambbin.py,data/stage6g_verdict.txt,EDR3-14071;v7,,ACCEPTED - passes the binary system where every other sharpened function fails
binfn-drive,CURRENT,EDR3,pointwise drive-weighted rule binary contest,EXCLUDED: -9.64+-1.49 behind BE; 0/6 seeds; punished exactly at its predicted mid-separation sag,6D,calcs/stage6d_drivebath.py,data/stage6d_verdict.txt,EDR3-14071;v7,,its temperature row PASSES (+2.1 sigma) - the two binary vetoes are independent
binfn-mi,CURRENT,EDR3,MI-vs-MG on the 2D binary data,mi_t (EFE-respecting) TIES MG (-3.5+-3.3 simple / -0.8+-2.5 BE); no-EFE MI dead 12/12 (-20..-28 with alpha -> 0.5-0.6 sharp); Newton dead 24/24 (+71..+108),4L/4L-b,calcs/stage4l_mi_runner.py,data/stage4l_summary.txt,EDR3-14071;v7,,correction #10: seed-31 MG-wins-all-8 was realization luck; the Saturn-safe MI branch fits AS WELL as MG
sol-quadrupole,CURRENT,solar,solar quadrupole (MG reading),Q2 = 3.9e-26 x (alpha/1.15) s^-2 = 4.3x the Cassini bound (Hees+14 (3+-3)e-27); AMPLITUDE-LOCKED: Q2 x alpha-hat = 4.0-5.8x Cassini for EVERY interpolating function tested; AMB = 3.60e-26 = 4.0x,4K/5I/5S/5X/6I,calcs/stage4k_quadrupole.py,data/stage4k_quadrupole.txt,Cassini-Hees14,,binary-calibrated reproduction of the DHF-2024 tension; escapes = EFE-respecting MI (ties on binaries) or EFE-screened MG; no interpolating-function escape
joint-amb,CURRENT,EDR3+SPARC,AMB joint ledger vs BE,~-57.3 (fiducial ambients) / ~-59.9 (measured ambients) = the FIRST single function to pass both systems,6G/6I,calcs/stage6i_chaegate.py,data/stage6i_chaegate.txt,EDR3-14071;SPARC-153;Chae21-T3,,post-hoc flag carried (function built after seeing the two-system split); out-of-sample deciders = DR4 weak-ambient + MI eccentricity
amb-p-postdict,CURRENT,EDR3+SPARC,AMB tail postdictions,p = 1/2 + g/4 gives 0.689 (galaxies; measured 0.65-0.75) and 0.529 (binaries; measured ~0.5),6E,calcs/stage6e_ambgate.py,data/stage6e_ambgate.txt,,,zero-parameter postdiction of both measured tail exponents
meta-realization,CURRENT,EDR3,realization systematic,orbit-population realization shifts the distribution lnL by MORE than the Newton-vs-MOND gap,3A,calcs/stage3a_likelihood.py,,EDR3-14071,,likely novel and field-relevant; no published quantification found (scout-level)
meta-banik,CURRENT,EDR3,Banik-style ablation (proxy grade),unfencing f_comp absorbs ~60% of the Newton deficit (needs fractions 3J forbids; Banik free fit = 69%); +anchor-drop +vtilde-only = 2/3 of the significance manufactured away; the detection never flips (+30-38 under full freedom),4N,calcs/stage4n_banikstyle.py,data/stage4n_summary.txt,EDR3-14071,,the gamma channel is the parameter-protector
mech-lab,CURRENT,theory,lab realization of the grammar (desktop analog program),three classes all FAIL to produce share-squared rate-free mode-local gating: 6K jump-rate (excluded; strike); 6M structured bath (ambig; opposite monotonicity); 6N pseudomode (CLOSE-OPP: cancellation theorem - flat bath locks to source; max-lambda 0.0065 = the buildable fridge measures ZERO),6K/6M/6N,calcs/stage6n_pseudomode.py,data/stage6n_pseudomode.txt,,,bath-microphysics conditional ~8% (two pre-committed strikes honored); fridge moot; survivors = horizon non-Markovian / MI trajectory / sky phenomenology
mech-frozen,CURRENT,EDR3+SPARC,frozen-bath sub-reading tests,6O galaxy coherence UNMEASURABLE (shuffled-null still gains -82; per-galaxy radial systematics dwarf any draw); 6P/6P-b binary s-shaped scatter: shaped +11.1/+13.5 but the s-FLAT control WINS by 25.9 lnL = GENERIC broadening,6O/6P,calcs/stage6pb_extend.py,data/stage6pb_extend.txt,EDR3-14071;SPARC-153,,no support; both accessible signatures spent; no formal strike (bands did not anticipate flat winning - disclosed)
mech-resolution,CURRENT,theory,the resolution bath (horizon-side derivation),"R = nu*y - sqrt(y) forced by the one-scale dS bath (KMS width = temperature); beta = (1/2)R^2/(1+R^2); Bernoulli ladder preserved through c4, break c5 = -1/16 EXACT; tail = gm argument (p=3/4); crossover y* = 1.88 = the 5T turn-on arm; Deser-Levin matrix closed (source = no fixed point; total = boot + invisible floor; geodesic T_U = 0 = the free-fall reading of binary beta < 0.03)",6R,calcs/stage6r_resolution.py,data/stage6r_resolution.txt,,,zero parameters; pre-registered at 85dcc72 before the fits; Lorentzian profile = the one representative choice (flagged)
galfn-resn,CURRENT,SPARC,resolution bath vs BE (galaxies),"STRONG: leads BE by 58.59 vertical / 113.72 plain = the largest plain-treatment lead on record (F3 -111.4, F4 -108.7, AMB-measured -100.5/-105.9)",6S,calcs/stage6s_resngal.py,data/stage6s_resngal.txt,SPARC-153,,BE regression gates d = -0.00 both treatments; pre-registered STRONG bar (<= -55) cleared
binfn-resn,CURRENT,EDR3,resolution bath binary contest,SHAPE REJECTION: alpha-hat edge-rides 5/6 seeds (interior 1/6); 0/6 prefer; mean -7.38+-2.08 vs p050 = the eight-function band; Newton +82.7+-1.8; w_rad 0.2 6/6; kappa = 1.351 -> a0 row edge-invalidated,6T,calcs/stage6t_resnbin.py,data/stage6t_verdict.txt,EDR3-14071;v7,,the pre-registered discrimination: local-resolution running alone CANNOT carry the two-system split - the ambient gate is REQUIRED (with 6D: the triangulation that forces the two-factor grammar)
mech-gate,CURRENT,theory,the ambient gate derivation (KMS cost),path-resolved JC loop: absorption path (n) + emission path (n+1) = the (2n+1) pull; per-leg ratio n/(1+n) = e^(-x) EXACT (KMS/detailed balance); s^L = Boltzmann cost of L borrowed ambient quanta (L=2 = the loop's own order); UNIQUENESS: rate-balance s2/(1+s2) (p_gal 0.607) and absorption-share^2 (0.554) and inverse-ratio^2 (both tails) and n^2 (absurd) all EXCLUDED by measured tail bands; pointwise excluded by 6D; local-only by 6T; s^2 = unique survivor,6U,calcs/stage6u_gatederiv.py,data/stage6u_gatederiv.txt,,,borrowing microphysics stays reading-grade (frozen horizon -> ambient reservoir); source-vs-dressed x_amb degenerate today (DR4 rung dp ~ 0.03); z-rung: p runs with H(z) (kill test #14)
gal-untied,CURRENT,SPARC,untied-exponent contest (the 6U falsifier),"tied (2,2) survives: untied margins U21 +3.33 / U32 +0.74 / U23 -3.72 / U12 -7.11 vs tied (point grade; all inside the 6L +-13..21 population noise); B1 TOLERATED (no strike, no proof); B2 instrument-split FAILED as pre-registered (measured 3.92 vs 3.52 - the likelihood reads L1 through the TRANSITION channel too; U12's -7.11 = one-leg disfavored via a second channel independent of the deep rung)",6V,calcs/stage6v_untied.py,data/stage6v_untied.txt,SPARC-153,,pre-reg 6ebf545; BE d=-0.00 and tied-cell dd=+0.00 regressions; 6L population caveat carried
mech-borrow,CURRENT,theory,the borrowing dynamics (closed-system channel test),"SUPPORT: dress-ward weight = (1/2)P(n_amb>=1) = (1/2)n/(1+n) to 0.2-2.2% over n_amb 0.25-8; form regression ratio slope +0.989 rms 0.0046 (6.2x/29x margins over share/raw); resonant channel lambda-independent (0.997), detuned virtual control lambda^2 (3.51) + raw-n = the sky's ratio^2 selects the REAL-EXCHANGE channel; GL exact: P(n>=L) = s^L = e^(-Lx) - the gate IS the lending probability",6X,calcs/stage6x_borrow.py,data/stage6x_borrow.txt,,,pre-reg 67626f7 (amendments post-commit pre-results logged); per-leg factor derived at toy grade; seam = dS-side reservoir identification + multimode; credence held ~8% (no pre-committed SUPPORT move)
binfn-scalarefe,CURRENT,EDR3,scalar-vs-vector EFE contest (the composition measurement),"EXCLUDED: scalar-BE trails vector-BE by 10.35+-2.03 (0/6 seeds; interior 6/6 = valid shape rejection); scalar-AMB 11.24+-1.90 (0/6; 4/6 interior); the binaries DEMAND the vector composition's radial profile at ~10 lnL/seed; the scalar reading's moot temperature row was the best ever (alpha 1.002+-0.049, a0 = 1.20+-0.16 = +1.0 sigma)",6W,calcs/stage6w_scalarefe.py,data/stage6w_verdict.txt,EDR3-14071;v7,,"pre-reg 2193672; FIRST measurement of the EFE composition character (scout: never contested); Saturn tension now COMPOSITION-locked; caveat: the natural nu(y+e) class tested, not every magnitude-only rule; open ad-hoc cell = isotropized-vector kernel (needs a derivation)"
mech-reservoir,CURRENT,theory,the reservoir identification (exclusion theorem + predictions),"M=1 collective mode gives the measured s^L exactly; M>=2 democratic modes (negative-binomial tail 1-(1-q)^M(1+Mq)) saturate the galaxy gate (0.952 at M=2 vs measured 0.754) and push the binary postdiction to the rejected band edge (0.565) - the gate data SELECT one collective ambient mode per system (converges with 6D/6T/6G); identification: the barycentric mode in the ambient = the environment's dressing cloud (n_amb = nu(e_N)-1); e->0 rejoins the horizon soft sector; PREDICTIONS: tail ceiling p <= 3/4 EXACT (void asymptote ~0.72), p(e_N) ordering, z-rung, DR4 pair",6Y,calcs/stage6y_reservoir.py,data/stage6y_reservoir.txt,,,"pre-reg 0e0f4fc; SATURN COROLLARY (reading, 3 measured legs): the collective-mode coupling is trajectory-state = EFE-respecting MI class - ties MG on binaries (4L), meets the 6W composition demand, no capped quadrupole; kill test = DR4 eccentricity resolution"
ret-priority,RETRACTED,meta,BE-identity priority claim,RETRACTED: Cadoni & Tuveri 2019 (arXiv:1904.11835) published the identity AND the dS-horizon derivation; a0 = H/2pi derived there,4C,,,,,three scout sweeps misread the paper - primary sources only for priority claims; ours = the empirical test program (citation chain of 31 papers contains no empirical test)
ret-newton-inflated,SUPERSEDED,EDR3,early Newton rejection (+264..+338 lnL),misfit-inflated: the model lacked a broadening convolution,3B/3C,calcs/stage3e_smear.py,data/stage3e_smear.txt,EDR3-14071,bin-newton-final,deflated to +63/+66 by the smear (3E; retraction-grade correction); rebuilt to v7 grade by the physical broadening chain
ret-en19,SUPERSEDED,EDR3,external field e_N = 1.9 a0,cross-formulation convention bug: AQUAL-total value fed to our QUMOND solver (Stage 2G),2G/3S,calcs/stage3s_gext_fit.py,data/stage3s_summary.txt,,bin-gnext,published Chae (AQUAL+total) and Banik each internally consistent; the bug was ours and owned
ret-sparc-simple,RETRACTED,SPARC,SPARC leans simple-nu,RETRACTED: raw-chi2 artifact; scatter-marginalized SPARC is AGNOSTIC (BE-simple -19+-15 carried by 3/153 galaxies),4E,calcs/stage4e_lensing_rar.py,data/stage4e_lensing.txt,SPARC-153,,correction #8a; only the binary simple lean stands (bin-lean-simple)
ret-l2-measured,SUPERSEDED,SPARC+Chae21,L=2 measured,bootstrap deflated the claim to POINT-PREFERENCE (L2 strictly best only 10/40),6L,calcs/stage6l_legboot.py,data/stage6l_legboot.txt,SPARC-153;Chae21-T3,gal-legcount,correction #13
ret-mg-wins,SUPERSEDED,EDR3,MG wins all 8 MI contests,seed-31 realization luck; the 6-seed budget shows mi_t TIES MG,4L-b,calcs/stage4l_mi_runner.py,data/stage4l_summary.txt,EDR3-14071;v7,binfn-mi,correction #10
ret-circular,RETRACTED,EDR3,circular-orbit reading of the gamma U-shape,RETRACTED by v6: w_circ = 0 (-174 lnL); circular orbits NARROW the vtilde distribution,3M,calcs/stage3m_v6fit.py,data/stage3m_summary.txt,EDR3-14071,,3L's reading corrected in place; the U-shape belongs to the near-parabolic population
galfn-shotbath,CURRENT,SPARC,corpuscular (shot) bath scatter contest,EXCLUDED: EQ-ES = -25.05 (shot collapses onto the constant floor; deep-dying shape vs deep-persistent scatter),7A,calcs/stage7a_einstein.py,data/stage7a_einstein.txt,SPARC-153,,Var(n)=n rival of the Einstein contest; real exclusion
gal-scatter-gamma,SUPERSEDED,SPARC,scatter exponent gamma (quantum 1 vs classical 2),NO VOTE: EQ-EC = -0.43; gamma profile bimodal (both edges beat the middle; axis <= 4.4 units); G2 calibration PASS (gammaQ 1.03 / gammaC 2.05),7A,calcs/stage7a_einstein.py,data/stage7a_einstein.txt,SPARC-153,gal-gamma-final,P6 LIVE (PREDICTIONS.md); the 7A unlock was attempted in 7B/7C - see gal-gamma-final
gal-curve-coherence,CURRENT,SPARC,within-curve residual lag-1 correlation,+0.8761 (window) / +0.8436 (controls); perm p = 0.0000; null +-0.10,7B,calcs/stage7b_bumphunt.py,data/stage7b_bumphunt.txt,SPARC-153,,smooth radial misfit dominates raw scatter; every point-level -2lnL in the program is nominally calibrated only; offsub point-level floor 0.04-0.07 dex
gal-bump-inner,CURRENT,SPARC,x~1 bump locality and accounting,inner-disk phenomenon: b_clean = 0.0000 on R/Rd >= 1.5 (7A full-data 0.083); radius-mix EXPLAINED = 0.67 (PARTIAL vs 0.75 bar),7B/7C,calcs/stage7c_gammaclean.py,data/stage7c_gammaclean.txt,SPARC-153,,the 4W point-level mystery resolves to inner-disk structure (streaming/beam-smearing/decomposition class); remaining third = x-dependence of the inner excess; c_in = 0.105 worth ~83 lnL/1p
gal-gamma-final,CURRENT,SPARC,Einstein particle-term exponent gamma - final SPARC status,NOT MEASURABLE: informed-design G2 fails (gap = -2.376); variants sign-disagree (EQ-EC -4.80 full+inner vs +4.48 clean); thinning +0.14,7C,calcs/stage7c_gammaclean.py,data/stage7c_gammaclean.txt,SPARC-153,,P6 fully out-of-sample (anchored/DR4-era/IFU); neither pre-committed kill direction fired; quantum reading untested in the scatter channel
mech-platform,CURRENT,theory/lab,platform translation of the lending gate (cQED),FEASIBLE: lending law to 0.25% at platform params; dissipative shift +1.5%/+1.1%; saturation x7.2; L=2 rung slope +0.987 rms 0.0077 (prefactor 0.480 ~ 1/2),7E,calcs/stage7e_platform.py,data/stage7e_platform.txt,,,mechanism-class validation not a gravity test (6N frame); clean lab negative would strike 6X; L=2 prefactor ~ 1/2 = 2nd data point for the equal-time-sharing ceiling reading
galfn-qcl,CURRENT,SPARC,classical vacuum-free local share (QCL) on the galaxy ladder,REJECTED kill-grade x22: +556.51 vertical vs AMB (cap16 +580.06 = cap-robust lower bound; plain +274.06; worse than pure BE by +497),7D,calcs/stage7d_vacuumshare.py,data/stage7d_vacuumshare.txt,SPARC-153;Chae21-T3,,"conditional on the admixture grammar; the vacuum +1 is load-bearing (caps q<=1, keeps beta finite where the tail data demand it); binary leg gate-aborted (identity 10.61% - cliff defeats the solver), disclosed"
binfn-rja,CURRENT,EDR3+SPARC,classical-equipartition ambient occupation (RJA),"UNRESOLVED: binaries +1.68 mean vs AMB (per-seed -2.7..+10.3, 4 seeds, a_hat 1.070+-0.016 interior 4/4); galaxy +0.24 near-null by construction",7D,calcs/stage7d_vacuumshare.py,data/stage7d_vacuumshare.txt,EDR3-14071;v7corr;SPARC-153,,the weak rung stayed weak as pre-stated; ambient-statistics digit open at current precision
mech-mixmean,CURRENT,theory+SPARC+EDR3,mixing-mean index p_mix (geometric = 0),"asymptotic uniqueness PROVEN (p>0 -> tail 1 = boot-dead; p<0 -> 1/2 = split-impossible; only p=0 continuous); window bound p_mix in [-0.5 +0.1) (galaxy p_eff 0.7445 at p=0, band-interior both systems)",7F,calcs/stage7f_mixmean.py,data/stage7f_mixmean.txt,SPARC-153;EDR3-14071,,deep ladder p-blind through c3 (a4 = -gp/64 + g/192 - 1/720; p=0 value = 6H c4 EXACT cross-validation); negative flank window-degenerate - full closure needs y>30 tails or the c4 rung
sol-trajmargin,CURRENT,solar,trajectory-formulation Saturn margin (AMB),451 orders of magnitude under Cassini (u = 1060.8 on the worldline; nu-1 ~ 10^-460.7 vs da/a = 6.7e-11); residual = galactic tide 7.5e-31 = 4026x under,7G,calcs/stage7g_trajsaturn.py,data/stage7g_trajsaturn.txt,Cassini-Hees14,,"the 6Y corollary quantified; door open ONLY for Boltzmann-screened tails (power-law contrast ~1.9e-6 ephemeris-dead, labeled estimate); MG-formulation tension STANDS (sol-quadrupole row untouched)"
binfn-ambmi,CURRENT,EDR3,trajectory-proxy AMB (mi_t) vs field AMB on binaries,PARTIAL: mean D = -8.43 (seeds -11.33/-5.54; alpha-hat 1.55 interior / 2.00 EDGE; interior 1/2); G0 bit-identity PASS,7G,calcs/stage7g_trajsaturn.py,data/stage7g_trajsaturn.txt,EDR3-14071;v7corr,,neither tie nor formal narrows per pre-reg bars; proxy-discretization vs genuine class cost unresolved; 4L standard-law tie does not auto-transfer; refinement = 6 seeds + beyond-proxy implementation (unpromised)
binfn-ambmiavg,CURRENT,EDR3,trajectory-averaged AMB (mi_avg) vs field AMB on binaries,"TIE-RESTORED: mean D = -2.92 +- 3.46 SE (6 seeds, sign-mixed 2/6 positive, interior 6/6); a_hat = 1.272 +- 0.038 (deflated from the 7G proxy 1.55/2.00 - the signed Jensen hypothesis confirmed)",7H,calcs/stage7h_miavg.py,data/stage7h_miavg.txt,EDR3-14071;v7corr,,supersedes the 7G proxy READING not its row (binfn-ambmi stays as the proxy record); with sol-trajmargin: equal binary fit + 451 orders Saturn margin; alpha recalibration 1.27 vs 1.06 between formulations noted; still an MI bracket
bin-ablation-wrad,CURRENT,EDR3,w_rad frozen to the external Hwang-implied 0.21 (reviewer robustness row),"CLOSED: d_alpha = -0.010+-0.000 (simple) / +0.005+-0.005 (BE); Newton within 1.4 of baseline (2 seeds, bar |D|<=0.10)",7I,calcs/stage7i_ablations.py,data/stage7i_verdict.txt,EDR3-14071;v7corr,,the one internally fitted eccentricity nuisance replaced by the external prior (4G: Hwang-implied 20-22%) at zero cost; free fit had chosen 0.20 in 12/12
bin-ablation-strict,CURRENT,EDR3,strict multiplicity cut on the v7 fit (RUWE<1.2 both + no overluminous; 8047/14071 = 57%),"MATERIAL -> COMPANION-DIRECTION: fit d_alpha = -0.740+-0.053 / -0.457+-0.048 (6 seeds; Newton +9.4/+12.5 = 16-24% of N-scaled; w_rad grid-edge 6/6) while the model-light median boost SURVIVES the same cut (raw 1.086->1.103, perp 1.151->1.185) and the forbidden band survives at base rate (5/11)",7I,calcs/stage7i_ablations.py,data/stage7i_verdict.txt,EDR3-14071;v7corr,,"three bar-locked instruments: companions-as-median-carrier refuted (part 1); FPM refuted (strict prefers 1.5 in 4/4, part 2); frozen-w_rad refuted (0.55/0.65, part 3) - tension UNRESOLVED, handed to 7J joint completeness marginalization; fit-level rows carry the strict-subsample flag until then; credence anomaly-real 70% -> ~60-65% pending 7J; correction #15 (7J): part 1's REFUTATION retracted as under-powered at measured C=0.41 (the cut barely moves the companion FRACTION: 0.51->~0.47) - parts 2-3 stand; the COMPANION-DIRECTION verdict is confirmed by the 7J marginal"
bin-ceilingpairs,CURRENT,EDR3,the ceiling-pair per-pair release,data/ceiling_pairs.csv: 23 rows (census 11/11 reproduced under both S/N conventions; corrected recount 9; per pair: both velocity conventions + RUWE + masses + noise),7I,calcs/stage7i_ablations.py,data/stage7i_verdict.txt,EDR3-14071,,adopted from external review; re-countable under any edge/angle/noise convention without our pipeline; gitignore exception added; strict-cut survival 5/11 = base rate
bin-7j-completeness,RETRACTED,EDR3,companion completeness + host multiplicity (Part A forward model - absolute scale),"flag completeness C = 0.410 (false-flag 0.023); f_photo in [0.22, 0.30]; f_host in [0.42, 0.57] (peak 0.51; per component 0.24-0.34); P_blend 0.53-0.59; strict residual r_host in [0.37, 0.53]",7J,calcs/stage7j_completeness.py,data/stage7j_completeness.txt,EDR3-14071,bin-7j-paircorr,"correction #18: scale RETRACTED by the within-pair correlation validation (rho_core = +0.465 = common-mode over-attribution; C biased LOW, f_host biased HIGH, the verdict-manufacturing direction); the 7J-x external tension resolved in the literature's favor (Tokovinin ~0.1 per component); formalism + photocenter physics + P_blend survive; repair = 7J-z joint 2D (delta1, delta2) mixture; literature-anchored prior (per-pair ~0.22) primary until then"
bin-7j-marginal,CO-QUOTED,EDR3,multiplicity-marginalized boost verdict (photocenter-corrected amplitude law),"full: a_marg = 0.00, dN_marg = +0.0 both laws 2/2 seeds ==> COMPANION-WIN at the (since-retracted) measured prior; strict: COMPANION-CONFIRMED (formally weightless: power gate POWER-FAIL on the BE arm); alpha = 0.5/1.0 disfavored by 17-61/38-87 lnL in the measured-prior marginal",7J,calcs/stage7j_marginal.py,data/stage7j_verdict.txt,EDR3-14071;v7corr,bin-7j-lowend,"corrections #17+#18 re-grade the LABEL: primary statement = the a_marg(prior-anchor) curve (bin-7j-lowend) - the fenced +99-110 Newton rejection is dead at EVERY anchoring (durable); label = COMPANION-WIN at the retracted measured prior, AMBIGUOUS at the now-primary literature anchoring (seed 31 interior 0.37/0.50); six-seed budget = the decider (in flight); NOT fpm-edge-carried (unchanged at fpm = 1.5, 8/8) though the unrestricted marginal rides the extended edge (82-99% at 2.4 = missing variance channel, s-flat scatter object queued); winning cell misfits -60..-116 = selecting the less-bad of two misspecified models; power gate scope: strict simple arm only at firing (amendment 6 per-arm runs in flight); ALL binfn-* rows fence-conditional pending 7J-d"
bin-7j-rawcond,CURRENT,EDR3,as-published amplitude law at measured multiplicity (conditional record),"alpha = 0 at fcomp >= 0.35 with likelihood cost -486..-525 (fcomp 0.35) / -1034..-1078 (0.5) / -1967..-2010 (0.7) vs its own (0.1, alpha ~ 1.1) optimum",7J,calcs/stage7j_diag.py,data/stage7j_diag.txt,EDR3-14071;v7corr,,"the as-published wobble law (q/(1+q), no photocenter cancellation) is kinematically strained at any defensible multiplicity; #18 RESCALES the quoted grade: at the literature-anchored f ~ 0.2 the cost is ~-100..-170 (not -505..-1078, which assumed the retracted measured rate) - a real defect at milder grade; registered-before-reading but not provably-before-existence (provenance disclosed in the 7J pre-reg + PAPER 6.3)"
ret-7i-median-immune,RETRACTED,EDR3,7I instrument-1 inference (companions-as-median-carrier refuted by cut survival),"the cut-survival argument is under-powered at measured flag completeness C = 0.410: the strict cut removes only the flagged ~41% of companions and shrinks the denominator too, so the companion FRACTION barely moves (0.51 -> ~0.47) and a fully companion-carried median would survive the cut within CI",7J,calcs/stage7j_completeness.py,data/stage7j_completeness.txt,EDR3-14071,bin-7j-paircorr,"correction #15; the median VALUES stand (bin-boost-*); the immunity INFERENCE does not; #18 moves this to UNDETERMINED-pending-7J-z (the retraction assumed C = 0.41; at high true C the cut-survival argument regains power - no flip-flop, status pending the repaired completeness); carrier status decided by 7K-a (forward median at the 7J winning cell vs 1.078 CI 1.052-1.103)"
bin-7j-paircorr,CURRENT,EDR3,within-pair overluminosity correlation (the over-attribution discriminant),rho_core_att = +0.465 on the pre-registered bar slice (N = 5423; bars 0.10/0.30 ==> C-FAIL); +0.394 at |dcol| >= 0.4; tail incidence ratio 2.74; flagged star's partner +0.114 mag bright of baseline,7J-y,calcs/stage7j_paircorr.py,data/stage7j_paircorr.txt,EDR3-14071,,"the reviewer-designed missing half of Part A's validation (injection gates test recovery, not over-attribution); coeval/co-chemical common-mode separated from per-component companion displacement; guards: dcolor slicing (ridge confound), attenuation correction (per-component parallax noise dilutes in this construction), tail-incidence channel separated (Tokovinin correlated-subsystem confound); fires correction #18; 7J-y2 BLENDING AUDIT (round 4, pre-reg fa29f33): rho(theta) FLAT 2-250 arcsec (close-end elevation ~15% rel, far under the 50% blending signature), d-dependence in the astrophysical direction, BLENDING-SAFE BAR (theta>=8 arcsec) rho=+0.448 -> C-FAIL STANDS; the coherence is genuinely astrophysical = a standing measurement of wide-pair photometric coherence in its own right"
bin-7j-lowend,CURRENT,EDR3,7J prior-sensitivity instrument (the a_marg(prior-anchor) curve),"the fenced Newton rejection is dead at every anchoring; a_marg by anchor: measured peak 0.51 -> 0.00 / measured low 0.42 -> seed means 0.19/0.25 (seed 31 un-pins to 0.37/0.50, Newton +4.9/+7.3) / literature 0.22 -> seed means 0.20/0.25, dN +2.5/+3.7; conditional at fcomp = 0.2: alpha 0.36-0.49 (seed 31) / 0.00 (seed 101)",7J-x,calcs/stage7j_lowend.py,data/stage7j_lowend.txt,EDR3-14071;v7corr,,correction #17 makes this curve the PRIMARY fit-level statement (labels = annotations: COMPANION-WIN at the retracted measured prior / AMBIGUOUS at the primary literature anchoring); >= 93% of the fenced +99 rejection gone even in the most boost-friendly cell; seed scatter at the boundary feeds the 6-seed budget (in flight)
bin-7j-seed6,CURRENT,EDR3,the six-seed budget at both anchorings (batch close; measurements),measured prior: a_marg = 0.00 in 24/24 seed-law reads (gaps -17..-61; AMENDMENT-6 SEED RULE: NO BREAK in 16 new-seed reads); literature anchor 0.16: full a_marg = 0.13 +- 0.07 SE (simple) / 0.30 +- 0.09 (BE) with Newton within +1.0/+4.1 (interior scraps 2/6 and 4/6 seeds; 0.31-0.55); strict 0.00 in 12/12,7J-s6,calcs/stage7j_seed6.py,data/stage7j_seed6.txt,EDR3-14071;v7corr,,"the operative-anchor residual is a scrap at 0.1-0.3 - an order below the fenced 1.06-1.18; BE-over-simple scrap ordering noted not interpreted (BE arm unvalidated); strictpowbe final: ARM-FAIL by MARGIN (0.90 in band, dN +14.7 < 20; bar not N-scaled - noted); labels+credence frozen per the cadence rule pending 7J-z/7J-g"
bin-7j-anchorcurve,CO-QUOTED,EDR3,the fine alpha_marg(prior-anchor) curve (round 6; the knee question),"NEARLY FLAT: alpha_marg = 0.18-0.31 with Newton +2..+4 for every smooth anchor 0.06-0.30 (sigma 0.05 and 0.03, both laws, seed-mean); the likelihood alone pays +12..+28 to sit at fcomp = 0.2; the fenced +99-110 detection returns ONLY behind a hard exclusion of f >= 0.2",7J-e3,calcs/stage7j_lowend.py,data/stage7j_lowend.txt,EDR3-14071;v7corr,bin-7jz-width,"CO-QUOTED as the WIDTH-LESS conditional curve (the width-model curve supersedes its role; both true of their models); retracts the round-4 'no pending instrument un-kills it' clause and replaces it with the measured form: 7J-z's rate measurement reads position on a nearly flat curve (revives nothing at 0.12); the revival mechanism is the forward model's MISSING WIDTH CHANNEL (the 0.2 cell supplies variance the model lacks - same object as the -60..-116 misfit, the fpm edge, and 6P's s-flat scatter); grid caveat: no cube cells between 0.1 and 0.2 (denser cells queued)"
bin-7j-armdiag,CURRENT,EDR3,arm-recovery diagnosis (round 5; measurements only),own-truth offsets are PRIOR-FREE: fullpow simple PROF 1.47 = MARG 1.48 (truth 1.18); fullpowbe BE PROF = MARG = 0.73 (truth 1.13); literature-prior re-marginalization of the same injected data moves NOTHING (posterior stays at fcomp 0.50 against the penalty); cross-family reads consistent with the standard BE/simple ratio (1.13 -> 0.94),7J-w,calcs/stage7j_armdiag.py,data/stage7j_armdiag.txt,EDR3-14071;v7corr,,"single-injection grade (3A realization layer covers part of the amplitude); prior-misspecification does not mechanically manufacture alpha at informative likelihood; NO ARM VALIDATED AT THE OPERATIVE (literature) ANCHOR - cube reuse is seed-axis-only, arms need new injected data; order fixed: 7J-z -> 7J-g -> arm suite at the landed anchor (incl. BE alpha=0.4 additive-vs-multiplicative discriminator); the multiplicative-map clause of round 4 retracted (an additive -0.40 fits the same point); 7J-w2 (round 6): INJECTIONS ARE 4-30x MORE INFORMATIVE about fcomp than the sky (real profiles vary by tens across 0.1-0.35, injected cliff by hundreds around truth) - arm validations overstate power on data; the post-7J-z suite must degrade injections with the measured common-mode or state the excess with every recovery"
ret-73-manufactured,RETRACTED,EDR3,"the 7.3 claim (16-sigma-Newton result ""manufactured""; freed companion fraction ""photometry-forbidden"")",RETRACTED (correction #16): flagged 12% at C = 0.41 implies true host 0.42-0.57; our own f <= 0.1 fence was the excluded assumption (ln pi = -768); the marginalized verdict landed on the Newton-favored side - Banik et al.'s companion-dominated reading was substantially closer to the truth than our fenced fits,7J-x,calcs/stage7j_completeness.py,data/stage7j_completeness.txt,EDR3-14071,bin-7j-marginal,"retracted in the normative sense for all three ablation legs (the table's arithmetic stands as an as-published-law map); ONE CLAUSE RE-GRADED under #18: 'Banik substantially closer to the truth' was conditioned on the retracted Part A scale - at literature rates our old 0.1 fence is ~1.5 sigma low, NEARER the truth than their 0.69; the valid core (flagged-rate-as-bound logic broken; companion freedom directionally legitimate) stands; still standing: their 0.69 excluded under every reading; the shared amplitude law's photocenter omission; H&C's binning critique (theirs); the direction channel's information advantage"
bin-7jz-v1,CURRENT,EDR3,7J-z part-1 v1 (scalar-common-mode 2D mixture): honest GZ6 fail + the vector-common-mode discovery,"estimator gates ALL ~exact (GZ1a/b f_hat=0.000 on companion-free truths incl. rank-2 mis-spec; GZ2 0.103/0.251); f_photo blended/component envelope [0.15, 0.22] (MAPs 0.166 flat-q / 0.213 q^-0.5), host axis [0.26, 0.41] — UNSHIPPED (GZ6 fail branch: anchor NOT shipped); measured rho(dcol) profile +0.86/+0.77/+0.71/+0.71/+0.60/+0.48/+0.36 = smooth coherence decay a scalar pair-latent cannot produce",7J-z,calcs/stage7jz_mixture.py,data/stage7jz_mixture.txt,EDR3-14071,,the fail is the discovery: pair-common photometric displacement is a VECTOR (abundance+age) whose projections decorrelate with mass separation — twins project identically (rho 0.86 at dcol<0.05); unmodeled twin-end coherence = an over-attribution channel invisible to GZ1 truths (the #18 direction at the q~1 corner); GZ6(iii) half of the fail was OUR bar (windowed-vs-full mismatch; like-for-like 0.107 vs 0.096 = inside bar; v2 bar corrected); npz quarantined _v1_unshipped (existence != shipped); v2 = coherence-kernel instrument pre-reg e6bf62e decides the landed anchor; RETRO (7J-z2b): GH quadrature flagged approximate by v2 GZQ (f calibration injection-validated and standing; lnL scale carries quadrature-order caveat); GZ1c-b ACQUITS the 0.166 (kernel-blind over-attribution measured 0.000 on kernel-truth sky)
bin-7jz-v2b,CURRENT,EDR3,7J-z2b exact-likelihood kernel instrument: unshipped record + the acquittal + the rate,"f_hat chain 0.166 -> 0.162 -> 0.159 (blended/component; five basins two integrators three model classes); host axis [0.29, 0.32] peak 0.32 = ~3x the literature host rate (prices lit 0.09 at -1634); GZ1c-b ACQUITTAL: kernel-blind fit on kernel-truth companion-free sky returns f_hat = 0.000; GZ6-prime FULL PASS incl. twin slice +0.743 vs +0.796; UNSHIPPED (GZS11 d=2.08 / GZ3 start-gap 2.8 - numerical-protocol bars only)",7J-z2b,calcs/stage7jz2b_exact.py,data/stage7jz2b_exact.txt,EDR3-14071,,the resolution cascade closed honestly: no third same-day iteration per pre-commit; v2c queued (profiled-lambda + resolution-gated continuous q-integral = certificate job); first subsystem-rate measurement at 0.2-50 kAU pending certificate (scout: unmeasured range confirmed; incidence-grows-with-separation direction matched); npz quarantined _v2b_unshipped; CERTIFICATED by bin-7jz-v2c (both protocol objects closed structurally; f 0.159 reproduced exact-cont)
bin-7jz-width,CO-QUOTED,EDR3,the width-channel round: alpha_marg at every anchor (the operative binary statement),"alpha_marg = 0.74 (simple) / 0.70 (BE) at dN = +23.8/+23.2 (LIT16, seed means); ANCHOR CURVE FLAT to 0.01-0.03 across 0.06-0.34 (at the unshipped measured anchor 0.29-0.32: 0.67-0.74 at +12..+16); sq = 0.2 interior with P(sq>0) = 1.00 and zero edge mass; fcomp pinned 0.1 at every anchor; VERDICT AMBIGUOUS-CARRIED (LIT-CONDITIONAL) - missed the pre-registered detection bar (>= +25) by 1.2-1.8 lnL",7J-z p2,calcs/stage7jz_read.py,data/stage7jz_read_lit.txt,EDR3-14071;v7corr;photow-cubes,bin-7jz-anchored,"OUTPUT ARCHIVED as _lit.txt (the anchored re-run overwrote stage7jz_read.txt; the LIT-conditional record restored from f96dc0f - supersede never deletes); the width channel (3E sigma_m / 6P s-flat object) finally parameterized: it does NOT close the multiplicity cost - it INVERTS it (D2 ratio 1.4; with sq available the kinematics want fcomp = 0.1; the tension vs measured ~0.3 host = a named object, absorbed as dN attrition at high anchors not alpha motion); D3 flag: BE rides fpm = 2.4 at P = 0.97 (extension to 3.0 queued); anchor-curve label INTERMEDIATE by the letter of a rule that conflated flat with null - measured shape is FLAT-alpha at non-null dN (bar-design miss disclosed); continuity: retracted-prior read still alpha = 0 (the old COMPANION-WIN lives in the sq = 0 slice)"
bin-7jg-gamma,CURRENT,EDR3,7J-g gamma-collapse separability (the Paper-1 decider; dual-configuration per amendment 8),"PRIMARY (sq free): ABSORBER-LEVEL SEPARATION - M4 fires (SD(w_rad) 0.015-0.035 -> all mass on the 0.20 node, SD below the 0.10 grid step, both laws); alpha channel-robust (2D 0.74/0.70 vs vt-only 0.62/0.66, dN diffs +3.6/+4.6). CO-READ (sq = 0, four-absorber config): SEPARATION-CONFIRMED at alpha grade (M3) - vt-only reports a PHANTOM alpha = 0.50/0.52 at +12.8/+12.2 which the direction data veto to 0.20/0.25 at +2.4/+3.7",7J-g,calcs/stage7jg_read.py,data/stage7jg_read.txt,EDR3-14071;photow-cubes,,"THE TIER DIFFERENCE IS THE FINDING: gamma and the per-system width channel are partially interchangeable absorber-police - gamma alpha-grade power exists exactly when the width channel is absent; in the width-less configuration every published vtilde-only pipeline occupies, gamma is the difference between a fake detection and honesty (reading; published error sectors differ); Paper-1 rule applied: PROCEEDS (2D claim operates - nuisance grade in the 5-absorber model with alpha channel-independent, alpha grade in the 4-absorber config); credence map applied: AMBIGUOUS -> anomaly-real HELD ~45 pct by the map (freeze released, value re-affirmed); GVT law-blind 0.00e+00 both channels; round-9 phrasing correction: WR/SQ posterior SDs are grid-quantized (steps 0.10/0.1) - '0.000' = single-node posterior, not infinite precision; the constant SD(sq)=0.927 in the sq0 rows = sqrt(0.86), a broadcasting artifact of the pinned length-1 sq axis vs the length-4 grid (cosmetic; no verdict metric M1-M4 reads it; sqfree SDs length-matched and sound)"
bin-7j-sqclose,CURRENT,EDR3,7J-z3 adequacy decomposition (round 9): anchor strain + the fifth-move exposure,"S1 anchor strain = 0.0 in 4/4 (alpha_marg 0.74/0.70 IS the width-complete model's own free optimum - the LIT16 anchor does no work); S2 free cell: alpha interior 0.65-0.75, wr = 0.20, fcomp = 0.10, sq = 0.2, fpm 2.1 (simple) / 2.4-edge (BE); S3 FORCED fcomp >= 0.35: alpha_hat = 0.00 dN = +0.0 in 4/4 -> FIFTH-MOVE-LIVE (pre-stated band)",7J-z3,calcs/stage7j_sqclose.py,data/stage7j_sqclose.txt,EDR3-14071;photow-cubes,,"G0/G1 regressions vs the shipped read exact 4/4; the reviewer's adequacy question decomposed: kinematic face CLOSED (zero strain - the quoted alpha is not prior-bent), multiplicity face OPEN with alpha FULLY exposed - if the ~0.3 host rate certificates AND the per-companion kinematic signature is as modeled, alpha collapses to 0 at a cell that still misfits by 135-153 (nothing fits; model-light channels remain); three resolutions: (a) rate fails v2c certificate, (b) rate+signature right -> the fifth move, (c) rate right but per-companion signature over-predicted (the kernel-discovery direction: common-mode displacement masquerading as companion light) -> arm suite with kernel-degraded injections decides; frame+bands committed 5024ecb BEFORE execution; no bar moved, no credence moved (cadence rule - v2c + arm suite are the deciders); ROUND-10 RESHAPE (bin-7j-qmoments): the S3 forcing identified 'measured host 0.30 = the 0.35 flat-q cell' - exactly the scalar-passing the review flagged; the exposure's true coordinates are (rate, precision, pi_q) jointly - see the conversion band"
bin-7j-qmoments,CURRENT,EDR3,7J-z4 conversion audit + anchor-strength curve + channel attribution (round 10),"PART A: alpha_marg holds 0.67-0.75 at every anchor width sigma >= 0.03, collapses at sigma* = 0.02 both laws (posterior jumps fcomp 0.10 -> 0.20; 0.35 only at sigma = 0.005); unshipped-rate apparent precision ~0.015 < sigma*. PART C: forced-multiplicity rejection WOBBLE-BINDING - Dwob = +314/+306 (kw 0.7 -> 1.4 triples the cost 153 -> 470). PART B: detected companions carry 0.13-0.17 of undetected wobble variance (6-8x anticorrelation, hard-flag q_min 0.70-0.88); joint conversion band fce_joint(wobble) = [0.10, 0.39] - the detection-shaped bracket makes host 0.30 kinematically equivalent to 0.10-0.12 = the kinematic preference; mass channel sqrt(1+q/2) twin-maximal but pi-STABLE (0.25-0.30) and non-binding; FORMAL reading by pre-stated letter = MIXED",7J-z4,calcs/stage7j_qmoments.py,data/stage7j_qmoments.txt,EDR3-14071;photow-cubes,,"pre-framed 3cbedbe; amendments A1/A2 logged post-fail pre-quote (A1: GB0 dark-limit clause tested an identity the shared implementation intentionally clips away, MS-table floor 0.102 Msun, replaced by twin-zero/l(1)=1/interior-max identities, clip floor printed as model property; A2: first band read the moment ratio without the completeness rescaling - joint column added, letter kept, no silent re-labeling); GA0/GA1/GC0 regressions vs shipped values exact; CONSEQUENCE: v2c UPGRADED to v2c-plus - the certificate must ship a (q,P)-resolved rate, not a scalar (the review's principled version, adopted as requirement); the x3 multiplicity tension is NOT YET KINEMATIC pending that resolution; kw=0.7-residual attribution open for the arm suite; no credence move (cadence)"
bin-7jz-v2c,CURRENT,EDR3,"7J-z2c THE CERTIFICATE (v2c-plus, exact segment-erf + profiled-lambda): the subsystem rate certificated","GATES ALL PASS -> npz v2c-cert SHIPS; f_hat chain: v1 0.166 -> v2b 0.159 -> v2c (exact-cont) 0.1593 = six-way stable; lam* = 1.64 interior (profile peak, neighbors -26, extremes -103/-126); top-two start gap 0.03 (v2b's 2.8 object closed by profiling); GV1 outer-doubling d = 0.010 (v2b's GZS11 2.08 object closed by exact inner integration, certified 1.7e-8 vs 30001-node reference); injections f=0 -> 0.000 (acquittal repeats), 0.10 -> 0.099, 0.25 -> 0.253; postdiction bars pass; HOST [0.29, 0.32] peak 0.32 per component (flat/qalt convention)",7J-z2c,calcs/stage7jz2c_cert.py,data/stage7jz2c_cert.txt,EDR3-14071,,"amendments A3/A4/A5 = gate-metric designs, each caught by its own STOP, logged pre-quote (far-tail float cancellation is not a math error; the trapz reference's discretization is not the erf's error; the relevance floor is the full mixture); npz carries the GV7 q-law table + conv_band [0.10,0.39] + the face-precision invalidity note; first subsystem-rate measurement at 0.2-50 kAU now CERTIFICATED (scout: range unmeasured confirmed; Tokovinin trend = field-like rates makes the flat-convention 0.29-0.32 a surprise - see bin-7jz-qshape for the resolution)"
bin-7jz-qshape,CURRENT,EDR3,THE Q-SHAPE MEASUREMENT (GV7): the inner-subsystem mass-ratio distribution at 0.2-50 kAU,TWIN-HEAVY: twin t=5 law beats flat by 162.0 lnL and q^-0.5 by 267.4 (twin t=2 sits -19.9 behind t=5); f_hat under twin t=5 = 0.124 blended/component (host ~ 0.23 vs the flat-convention 0.29-0.32); q-shape table shipped in the certificate npz,7J-z2c,calcs/stage7jz2c_cert.py,data/stage7jz2c_cert.txt,EDR3-14071,,"the round's discovery and the x3-tension solvent: the population the photometry demands is exactly the wobble-quiet one (twins photometrically loud, kinematically silent - photocenter cancellation exact at q=1); reading (joint kinematic-photometric fit = future work): twin-convention host ~0.23 carries a flat-q kinematic equivalent ~0.10-0.15 by the bin-7j-qmoments moments = CONSISTENT with the kinematic preference 0.1 - the tension dissolves in round 10's predicted direction; also softens the Tokovinin surprise (twin-convention host nearer the field); in-window (blended-delta) shape measurement - low-q completion stays prior-bracketed; apparently the first mass-ratio-shape constraint for inner subsystems in this range (scout-level)"
bin-7jz-anchored,CURRENT,EDR3,the anchored re-read: the operative binary verdict at the LANDED certificate anchor,"OPERATIVE (LANDED-CONV, amendment 11): alpha_marg = 0.74 (simple) / 0.70 (BE) at dN = +23.8/+23.2 -> VERDICT @ LANDED-CONV: AMBIGUOUS-CARRIED (landed, not LIT-conditional; extension rule silent, BE seed gap 0.10; identical to LIT16 to the last digit - the flat curve made the anchors agree); FACE (flat-q at face precision, diagnostic): THE FIFTH MOVE FIRED LIVE - alpha 0.00/0.00 (simple), 0.37/0.00 (BE), posterior pinned fcomp = 0.2, exactly as sigma* = 0.02 predicted; 7J-g tiers unchanged at the landed anchor",7J-z p2b,calcs/stage7jz_read.py,data/stage7jz_read.txt,EDR3-14071;photow-cubes;v2c-npz,,"amendment 11b = the OPER wiring fix (c272bef): the amendment-11 edit added LANDED-CONV but omitted the one-line OPER flip, so the first anchored run's verdict block read the face anchor - caught in the output, fixed to the d437921 pre-committed spec, re-run (no bar chosen post-hoc); the face collapse is quoted as the flat-q conditional whose premise the certificate's own q-table rejects at -162; D1 CHANNEL-USED, D2 NOT-CLOSED (1.41/1.39), D3 BE rides fpm 2.4 at 0.95-0.98 (E-arm extension queued); credence HELD ~45 pct (cadence: the arm suite = the remaining decider); E-READ SENSITIVITY (bin-7jz5-earm): allowing the unphysical fpm=3.0 node cedes ~8 lnL and <=0.06 of alpha - quote the operative numbers with the band alpha 0.68-0.74 / dN +14.5-23.8"
bin-7jz5-earm,CURRENT,EDR3,"E-arm (fpm -> 3.0 extension, 7J-z5): THE NOISE EDGE CHASES","P(fpm=3.0) = 0.54 (simple) / 0.97 (BE) under the operative marginal - posterior mode AT THE NEW EDGE both laws -> D3-EXT STILL-RIDING; alpha_marg 0.74 -> 0.68 (simple) / 0.70 -> 0.67 (BE), dN +23.8 -> +14.5 / +23.2 -> +16.1 (the Newton gap cedes ~8 lnL to the extra noise freedom); Dwob unchanged +310/+305 (wobble attribution stable); GB0w + GB0e identity gates 0.00e+00 on all 4 cubes; GE0 slice regression exact 4/4",7J-z5-E,calcs/stage7jz5_eread.py,data/stage7jz5_eread.txt,EDR3-14071;photow3-cubes;v2c-npz,,"fpm = 3.0 claims Gaia formal-PM underestimation 3x = beyond the published physical ceiling (Lindegren+21 ~1.1-1.4; the 7J-c diag flagged 2.4 as already outside anything published) - the fit demands noise the error model cannot physically supply = the missing-width-SHAPE signature (the 3E -> 6P -> sq ladder's next rung: sq is one global s-flat sigma; the data want structured width); DECISION per the pre-registered clause (extension DECISION, not automatic run): NO further mechanical extension - chasing an unphysical direction; the operative alpha stays the pre-registered <=2.4 anchored read, co-quoted with the fpm-conditional band; attribution ANSWERED by bin-7jz5-arms: CHASE-UNEXPLAINED (0/4 twin-mismatch arms ride the edge) = real missing width-shape structure, refinement promoted"
bin-7jz5-arms,CURRENT,EDR3,7J-z5 A-D twin-mismatch arm suite: the operative machinery VALIDATED at the landed anchor,"4/4 at the pre-registered bars (operative LANDED-CONV anchor, seed 31, no extension triggered): ARM A (null alpha=0, fcomp 0.20) ARM-PASS decisively - alpha_marg = 0.00 BOTH laws, dN +0.0 (the machinery manufactures nothing under full twin+width+noise mismatch); ARM B (simple 0.74) ARM-VALIDATED at 0.65/+20.8; ARM C (BE 0.70) ARM-VALIDATED at 0.64/+38.7; ARM D (BE 0.40 discriminator) ARM-VALIDATED at 0.48, PROF=MARG offset 0.00; nuisances sharp in 8/8 reads (sq recovered at injected 0.2 everywhere; fcomp and fpm at injected); CHASE-UNEXPLAINED: truth-law P(fpm=3.0) = 0.00/0.00/0.02/0.00 - twin-mismatch skies do NOT reproduce the sky's noise hunger",7J-z5,calcs/stage7jz5_armread.py,data/stage7jz5_armread.txt,EDR3-14071;fullarm-cubes;v2c-npz,,"bars pre-registered f6916e0, chase bands pre-stated in the reader commit BEFORE the batch (bad6770); own-truth biases mildly CONSERVATIVE (-0.06..-0.09, single-injection grade, not applied); matched-truth arms score dN +21..+39 vs the sky's +23 = the sky sits low, consistent with residual unmodeled width eating significance (same object as the chase); CONSEQUENCE: the 7J-w2 injection-optimism concern answered at the operative anchor; the fpm chase = real width-SHAPE incompleteness (not companions/twins/sq/PM physics) -> width-shape refinement promoted to the named next binary instrument; CREDENCE: both cadence deciders landed -> anomaly-real ~45 -> ~50 pct (reasoned move, no mechanical map existed - disclosed; up on the companion-alternative collapse + machinery validation, capped by AMBIGUOUS-CARRIED + the open width-shape systematic)"
bin-7jz6-widthshape,CURRENT,EDR3,7J-z6 width-shape contest (floor vs tail) + the noise-ceiling profile of the alpha detection,"VERDICT: UNRESOLVED-CARRIED (locked grammar) - B1 floor +7.12 (simple MISS) / +10.61 (BE PASS) = ONE-LAW, tail +0.00/+0.00 DEAD (ws mode 0.0 both laws); B2 never dissolved (P(fpm=3.0) 0.60-0.99 across legs); THE NOISE-CEILING PROFILE: PHYS envelope (fpm<=1.8 Lindegren, ws<=0.015) alpha_marg = 0.80/0.80 at dN = +35.2/+32.3 -> operative band 0.68-0.74 / +14.5-23.8 -> unphysical corner admitted (floor 0.045 + fpm 3.0 = 4.3x formal) alpha 0.00 / +0.0 both laws",7J-z6,calcs/stage7jz6_read.py,data/stage7jz6_read.txt,EDR3-14071;wshape-cubes;v2c-npz,,"pre-reg 66a8045 (bars locked before execution); amendments 2/3 pre-stated at ec7514c/ab0c399 before their results; GW0 = 0.00e+00 x4 (ws=0 slices bit-exact vs photow3; the ws==0 branch carries the legacy expression verbatim); the operative quote is noise-DILUTED not noise-protected - the volume mechanism: the tail axis UNUSED at its peak still drains dN +23.8->+10.1 / +23.2->+6.2 by posterior volume (sub-B1 axes can zero alpha_marg without winning; B1-vs-B3 = peak-vs-volume); SHAPE EXCLUSION SET: floor/tail/fpm/sq/perspective all excluded as the residual width object's shape; Part-A fingerprint (G0-diag exact 0.000): mid-shoulder v 0.7-1.7 + the radial gamma 8-deg column + inner/mid s-bins, error- and magnitude-split ambiguous; named successor hypothesis (booked, NOT opened - freeze untouched): the inner-bin eccentricity/radial-population sector (eta grid = 2 values, the e-sector nearly frozen); PHYS conditional REPORTED non-operative (promotion would need a decider-grade round - flagged for the next external review); external anchors against the corner: Lindegren+21 budget and the census cliff sharpness; no credence move (pre-stated: not a named decider)"
bin-7jz6-xchg,CURRENT,EDR3,7J-z6 exchangeability arm: boost-truth sky under the floor fitter,"INFORMATIVE (pre-stated bar): a_marg=0.60 dN=+11.3 with the floor QUIET - P(ws)=[0.58, 0.33, 0.07, 0.01], P(fpm=3.0)=0.00 (BE cross-read 0.60/+11.7, floor quiet) - the floor axis does NOT eat real boosts; the sky's floor-corner preference is DATA-DRIVEN",7J-z6,calcs/stage7jz6_read.py,data/stage7jz6_read.txt,EDR3-14071;fullarmb-wfloor-cubes,,"the 7J-z5 arm-B injection (simple alpha=0.74 truth, twin-t5, sq=0.2, fpm=2.1, NO floor in truth) re-fit with WSHAPE=floor; own-truth under-read 0.74->0.60 consistent with the arm-suite conservative bias (single-injection grade, not applied); interprets the floor leg's B3 MATERIAL-LOW: the collapse is NOT constructional - the real sky contains ~7-11 lnL of unmodeled width that only it possesses; GW0 vs the fullarmb photow3 cube exact 0.00e+00"
bin-7ka-median,CURRENT,EDR3,7K-a forward median: how much of the model-free 2C anchor the landed Newton-best cell produces,"VERDICT GRAY both seeds (pre-registered bars, s-reweighted): R_N = 1.033 (seed 31) / 1.043 (seed 101) vs anchor 1.078 (CI 1.052-1.103) - above the SURVIVES bar (1.030), below the data CI low edge (1.052); unabsorbed excess +0.045/+0.035; model-referenced: baseline (fitted-e-run Newton + noise) = 0.986/0.992, data +0.092/+0.086 above it, absorber lift +0.047/+0.051 = 52-59 pct covered; boost cells OVER-produce (1.114-1.127)",7K-a,calcs/stage7ka_median.py,data/stage7ka_median.txt,EDR3-14071;photow3-cubes;v2c-npz,,"pre-reg before execution (3c931d5) + two gate amendments logged pre-quote (64ef41a/ca4d406): G0-i/iii fired FAIL as MEASURED MODEL PROPERTIES - the fitted eccentricity run makes model-Newton's 2C ratio ~0.98 (the 1.000 narrative is scale-free-conditional) and the a_s-prior 0.15/60 kAU truncation distorts edge-adjacent bins; G0-iv interior scale-free control PASSES both seeds (1.005/1.002) = the wiring identity; data-side regression exact (1.078 reproduced); seed-31 prof-simple sanity leg 0.007 above the [1.04,1.12] band = instrument flag disclosed (the fpm=3.0 chase lifts R; the fit trades the ratio against the 2D histograms); CONSEQUENCE: the 2C ratio alone no longer discriminates at the landed absorber budget (data near-equidistant between Newton-best and boost cells) - the anchor's honest role = a model-light excess over Newton+absorbers, half-covered; no status flips (GRAY per bars); no credence move (not a named decider)"
bin-7kb-census,CURRENT,EDR3,"7K-b census leakage null at the landed cell: the count falls, the (band, cliff) pair stands","BAR VERDICT: NULL-BROKEN both seeds all variants - the landed Newton-best cell predicts mu_band = 26-38 vs observed 9 (P(>=9) ~ 1): the raw band COUNT carries no Newton-rejection power under the landed absorbers; SELF-REFUTATION: the same cell predicts mu = 17-32 in the overshoot [1.67, 2.2) vs observed 2 - P(<=2) = 7.1e-6 .. 2.9e-11; no tried configuration (incl. sq=0 + physical noise, and the boost cells) reproduces 9-with-a-cliff-of-2 (min P ~ 9e-5); the cliff bounds the tail noise to ~formal, where the band is unleakable (4J: mu ~ 1, P = 3.8e-9)",7K-b,calcs/stage7kb_census.py,data/stage7kb_census.txt,EDR3-14071;ceiling-pairs-csv;photow3-cubes;v2c-npz,,"pre-reg before execution (eb6084d); post-hoc legs LABELED (PHYS fpm variants, sq=0 attribution, boost sq=0) - added after the first run showed the flood, no bars attached; THE RELOCATION: the census's operative statistic is now the (band=9, cliff=2) PAIR - self-defending (you cannot hold noise-fakes-the-band AND the observed cliff simultaneously); count-alone retired ABSORBER-CONDITIONAL; third independent channel showing the unmodeled width object is mid-shoulder-LOCALIZED (converges with the 7J-z6 fingerprint + noise-ceiling profile + Lindegren); attribution: ~half the flood is the gamma-blind sq smear, rest = landed noise off the near-parabolic pericenter pile (pericenter velocity is perpendicular = the sqrt(2) edge by geometry) + companions; wobble-lite bound VACUOUS as designed (ignores catalog survival - logged, superseded, 0/9-SAFE not quotable); 7K-b2 photometric leg FOLDED into the population-sector successor (mechanism is not companions); no credence move"
bin-7jd-unsuspension,CURRENT,EDR3,7J-d function contest under the landed posterior: the DATA-VOTE unsuspension,"NO FUNCTION DISCRIMINATION at the landed anchor: all 16 world-table functions sit within +/-8 lnL of BE (seed-31 span +6.15 lam075 .. -5.35 resn; seed-101 span +7.66 p065 .. -6.08 simple) with realization scatter of the same size; the four fenced vetoes (rb4, boot, resn, dwf) FLIP to indistinguishable-from-BE per the pre-registered letter - read as INSTRUMENT RESOLUTION LOSS, not rehabilitation; lambda-family profile FLAT (landed binary c1 = no constraint); NEWTON FUNCTION-ROBUSTLY DEAD: dN >= +7.9 on every function x seed (32 rows), seed-mean simple +14.5 / BE +16.1 on the extended grid = the co-quoted band",7J-d,calcs/stage7jd_read.py,data/stage7jd_read.txt,EDR3-14071;photow3-func-cubes;v2c-npz,,"pre-reg fdb4bfc (bars before any cube); gates: G0-alpha0 exact 0.00e+00 on every function (Newton function-blind) + GD1 lam100==BE cube bit-exact both seeds = the end-to-end FUNC-path regression; sign-stability: no-veto set 6/6 stable (p065/amb positive, gm/rb1/rb2/rb3 negative), lam125 and simple SIGN-FLIP across seeds (named; simple's fenced -12.6 lean over BE degrades to no-verdict = the 3P ""no nu-family discrimination"" now generalized to all 16 under the landed model); the fenced vetoes stand as FENCED-MODEL results (quoted with both conditions); P(fpm=3.0) ~ 1.0 on every function row except simple seed 101 (0.09) - the chase is function-blind = the width object is upstream of the nu-choice; sbe/qcl excluded-disclosed (grids), trigger not fired (no veto moved by > 8 between models in the tested set - the flips are compressions toward zero, not reversals); UNSUSPENSION DECLARED with the no-discrimination verdict; SPARC remains the function discriminator (the 4E lesson generalized)"
