name,leg,fgas,cov,theta,d_boot,d_p065,d_gm,abs_share,sd2_share,flag
CamB,anch,0.3205,-1.4621,90.2409,1.9197,1.4624,1.0797,0.0111,0.0025,
D564-8,anch,0.5514,-1.8724,23.9352,1.3069,1.0775,0.6921,0.0076,0.0003,census-pending
D631-7,anch,0.7845,-1.4098,36.0697,-5.4869,-4.4910,-3.3396,0.0317,0.0194,census-pending
DDO154,anch,0.8984,-1.4955,50.5451,2.7151,1.4418,1.6873,0.0157,0.0095,
DDO168,anch,0.7793,-1.0690,39.7970,-5.7876,-3.6890,-3.3969,0.0335,0.0213,
ESO444-G084,anch,0.7571,-1.1285,11.1033,0.0822,-0.1599,0.0947,0.0005,0.0000,
ESO563-G021,anch,0.0211,-0.1972,7.5653,-4.7514,-2.0263,-2.2266,0.0275,0.0007,
IC2574,anch,0.3841,-1.5160,44.8402,12.4631,9.6259,8.8452,0.0721,0.3664,
NGC0024,anch,0.0732,-0.4072,27.1253,1.3735,0.2747,0.4898,0.0079,0.0008,
NGC0055,anch,0.6009,-1.0005,179.8709,-1.0364,-1.0452,-1.0734,0.0060,0.0008,
NGC0247,anch,0.2922,-1.0770,60.2071,-2.2071,-1.3122,-1.5940,0.0128,0.0030,
NGC0300,anch,0.1107,-1.0217,134.8656,0.0529,-0.1932,0.0184,0.0003,0.0002,
NGC0891,anch,0.0126,0.1117,19.1487,12.2238,6.5648,5.1754,0.0707,0.2288,
NGC2403,anch,0.0747,-0.3228,16.9712,0.6707,0.1973,0.9207,0.0039,0.0014,
NGC2683,anch,0.0455,-0.6577,60.7651,4.2396,1.9717,2.4554,0.0245,0.0251,
NGC2841,anch,0.0723,-0.0175,50.3228,3.6413,1.4654,2.6931,0.0211,0.0007,
NGC2903,anch,0.0466,-0.1995,30.0022,6.3203,3.4273,2.5113,0.0365,0.0117,
NGC2915,anch,0.5558,-1.6415,152.9206,-1.8257,-1.0563,-1.1192,0.0106,0.0002,
NGC2976,anch,0.1110,-0.2759,29.9603,3.6285,1.7947,2.1874,0.0210,0.0211,
NGC3109,anch,0.7107,-1.5418,80.6450,3.0730,1.7822,2.5261,0.0178,0.0309,
NGC3198,anch,0.0640,-0.5529,33.4807,5.0639,3.0260,2.1668,0.0293,0.0010,
NGC3726,anch,0.1182,-0.4316,40.1071,-1.4167,-1.0013,-0.8945,0.0082,0.0043,
NGC3741,anch,0.8531,-1.7675,44.9799,1.4941,0.0648,1.1087,0.0086,0.0020,
NGC3769,anch,0.2546,-0.8492,40.1071,0.2936,0.4261,0.1465,0.0017,0.0000,
NGC3877,anch,0.0326,-0.0953,29.9084,-1.1731,-0.7567,-0.5615,0.0068,0.0000,
NGC3893,anch,0.1365,-0.2788,19.9389,2.5300,1.4267,1.1396,0.0146,0.0045,
NGC3917,anch,0.0726,-0.6541,19.9389,0.9824,0.4351,0.4399,0.0057,0.0009,
NGC3949,anch,0.0426,0.2069,19.9389,0.3616,0.2610,0.1570,0.0021,0.0000,
NGC3953,anch,0.0073,0.0094,40.1071,-0.2868,-0.5011,-0.1248,0.0017,0.0010,
NGC3972,anch,0.0814,-0.4832,19.9389,0.0757,0.0305,-0.0165,0.0004,0.0001,
NGC3992,anch,0.1133,-0.5507,79.9821,2.6044,0.7772,1.3648,0.0151,0.0076,
NGC4010,anch,0.1518,-0.5755,40.1071,-0.0803,0.0330,-0.0020,0.0005,0.0000,
NGC4013,anch,0.0732,-0.6931,62.9108,-3.4795,-3.1764,-2.5849,0.0201,0.0288,
NGC4051,anch,0.0313,-0.1432,40.1071,-0.0624,-0.1387,-0.0598,0.0004,0.0000,
NGC4068,anch,0.4365,-1.0201,69.8563,0.1638,0.0359,0.0427,0.0009,0.0000,
NGC4085,anch,0.0364,-0.0162,19.9389,-0.2027,0.0977,-0.1164,0.0012,0.0000,
NGC4088,anch,0.1072,-0.1506,40.1071,-0.2414,-0.2601,-0.2244,0.0014,0.0003,
NGC4100,anch,0.0679,-0.4875,29.9084,4.0447,1.5059,2.1043,0.0234,0.0120,
NGC4138,anch,0.0277,-0.0544,29.9084,1.4496,0.5708,0.7142,0.0084,0.0029,
NGC4157,anch,0.1402,-0.4550,40.1071,-0.5276,-0.4555,-0.4489,0.0031,0.0025,
NGC4183,anch,0.3745,-0.9039,29.9084,1.0142,0.7225,0.3434,0.0059,0.0038,
NGC4217,anch,0.0303,0.0012,19.9389,-4.5980,-1.9845,-5.3054,0.0266,0.0059,
NGC4559,anch,0.2717,-0.8081,60.0460,0.4508,-0.0100,-0.2436,0.0026,0.0006,
NGC5005,anch,0.0701,0.5615,11.9609,3.5645,1.1892,1.5284,0.0206,0.0121,
NGC5055,anch,0.0932,-0.3495,29.7938,6.8976,3.1827,2.8758,0.0399,0.0047,
NGC5585,anch,0.0777,-0.7847,7.5962,0.1607,-0.0341,1.0219,0.0009,0.0061,
NGC5907,anch,0.1570,-0.6623,59.9718,4.9637,0.3540,2.7024,0.0287,0.0636,
NGC6503,anch,0.2483,-1.1010,50.0835,-1.9357,-0.5613,-1.6921,0.0112,0.0245,
NGC6789,anch,0.3700,-0.6814,29.8850,0.1705,0.1785,0.1320,0.0010,0.0000,
NGC6946,anch,0.0780,-0.2022,7.0997,4.6002,2.3322,2.6233,0.0266,0.0039,
NGC7331,anch,0.0757,-0.1890,37.4645,3.6887,1.7880,0.5869,0.0213,0.0041,
NGC7793,anch,0.1054,-0.2633,49.7093,1.4245,0.9252,0.8186,0.0082,0.0026,
NGC7814,anch,0.0093,-0.1716,9.0241,6.5930,3.7875,2.6831,0.0381,0.0025,
UGC01281,anch,0.6573,-1.3884,120.1582,0.0038,-0.0154,0.0220,0.0000,0.0000,
UGC02487,anch,0.0392,-0.5756,29.6413,5.5626,2.3590,3.6214,0.0322,0.0078,
UGC04483,anch,0.7568,-1.1979,24.7024,-0.6938,-0.4257,-0.6206,0.0040,0.0001,
UGC05918,anch,0.5364,-1.5545,75.1279,0.2648,0.1964,0.1135,0.0015,0.0000,
UGC05986,anch,0.1880,-0.6977,15.0576,-1.1049,-0.3341,-0.3898,0.0064,0.0000,
UGC06399,anch,0.3100,-1.0639,29.9084,-0.1112,-0.0721,-0.1107,0.0006,0.0000,
UGC06667,anch,0.6689,-1.4336,19.9389,-4.5020,-2.9966,-2.8257,0.0260,0.0174,
UGC06818,anch,0.2810,-1.1833,40.1071,0.2961,0.1295,0.2014,0.0017,0.0001,
UGC06917,anch,0.1746,-0.8813,19.9389,-0.3227,-0.1763,-0.2470,0.0019,0.0004,
UGC06923,anch,0.3207,-0.7593,32.8878,0.0915,0.0321,0.0266,0.0005,0.0000,
UGC06930,anch,0.3452,-0.9768,40.1071,-0.3435,-0.1578,-0.3356,0.0020,0.0000,
UGC06983,anch,0.3816,-1.0569,29.9084,-0.3130,-0.1537,-0.4238,0.0018,0.0000,
UGC07089,anch,0.2667,-1.0522,29.9084,0.8254,0.4053,0.4788,0.0048,0.0001,
UGC07151,anch,0.2438,-0.7857,15.0120,-0.6705,-0.4887,-0.5786,0.0039,0.0005,
UGC07232,anch,0.2990,-0.6978,45.1888,0.0753,0.1069,0.0717,0.0004,0.0000,
UGC07323,anch,0.1396,-0.7906,45.1205,0.9177,0.4804,0.5507,0.0053,0.0005,
UGC07524,anch,0.4154,-1.2388,74.8472,-3.2401,-1.9893,-2.3141,0.0187,0.0066,
UGC07603,anch,0.4271,-1.0311,29.8426,0.5178,0.1259,0.3880,0.0030,0.0001,
UGC08286,anch,0.3747,-1.0686,30.1464,-1.6072,-0.6301,-1.2019,0.0093,0.0013,
UGC08490,anch,0.5399,-1.2152,15.0817,1.6771,1.2928,0.7277,0.0097,0.0004,
UGC08550,anch,0.3768,-1.3670,15.0851,-1.3592,-0.6116,-1.2058,0.0079,0.0037,
UGC08837,anch,0.4443,-1.1719,44.9148,1.5830,1.0810,0.6776,0.0092,0.0052,
UGC12632,anch,0.4213,-1.3708,45.1798,-3.3097,-1.8122,-2.2846,0.0191,0.0040,
UGCA442,anch,0.8326,-1.2947,59.7457,-1.5804,-1.4364,-0.9975,0.0091,0.0041,
UGCA444,anch,0.9486,-1.2291,265.1979,-0.5782,-0.3520,-0.4364,0.0033,0.0005,
D512-2,flow,0.1477,-1.3562,26.0545,0.2109,0.1094,0.0856,0.0010,0.0000,
DDO064,flow,0.6789,-1.0575,57.0262,-0.0750,-0.0566,-0.0766,0.0003,0.0000,
DDO161,flow,0.8389,-1.3145,42.3531,0.0143,-0.9985,-0.2062,0.0001,0.0000,
DDO170,flow,0.8057,-1.4342,45.0033,-0.5803,-0.2443,-0.5108,0.0026,0.0000,
ESO079-G014,flow,0.0355,-0.5962,19.3329,-0.4605,-0.2350,-0.2630,0.0021,0.0000,
ESO116-G012,flow,0.2122,-0.7270,13.1692,0.4017,0.0377,0.3978,0.0018,0.0002,
F565-V2,flow,0.7438,-1.4662,25.0465,-0.0472,-0.0525,-0.0113,0.0002,0.0000,
F568-3,flow,0.0794,-1.1497,4.5058,0.4675,0.3380,0.3468,0.0021,0.0000,
F568-V1,flow,0.0522,-1.1271,7.0120,-0.3281,-0.1789,-0.1822,0.0015,0.0000,
F571-8,flow,0.0209,-0.6480,5.1470,-9.3672,-5.2280,-4.2407,0.0423,0.0257,
F571-V1,flow,0.6300,-1.3413,15.0128,-0.1072,-0.0678,-0.1020,0.0005,0.0000,
F574-1,flow,0.1474,-1.2075,5.0075,-0.6718,-0.2963,-0.5254,0.0030,0.0000,
F583-1,flow,0.1628,-1.5550,10.4881,-1.8278,-0.9894,-1.1802,0.0083,0.0003,
F583-4,flow,0.1450,-1.2854,15.1700,0.1554,0.0214,0.0075,0.0007,0.0000,
IC4202,flow,0.0295,-0.1126,3.2665,-0.4334,-0.8315,-1.1796,0.0020,0.0010,
KK98-251,flow,0.7987,-1.2747,42.4663,-0.2548,-0.1603,-0.3191,0.0012,0.0000,
NGC0100,flow,0.1428,-0.9810,24.2934,-0.2773,-0.5469,-0.1269,0.0013,0.0000,
NGC0289,flow,0.5323,-1.1483,75.0686,1.2389,0.9685,0.4448,0.0056,0.0004,
NGC0801,flow,0.0452,-0.2483,2.9905,-3.4324,-2.0631,-1.9550,0.0155,0.0040,
NGC1003,flow,0.5197,-1.3925,37.6343,-1.8750,-2.6675,-1.1624,0.0085,0.0003,
NGC1090,flow,0.1207,-0.6193,8.9196,1.0859,0.2730,0.1906,0.0049,0.0004,
NGC2955,flow,0.0181,0.3138,1.5802,-0.2248,0.2184,0.2640,0.0010,0.0000,
NGC2998,flow,0.1215,-0.4918,7.9962,-0.1056,-0.4312,-0.2197,0.0005,0.0001,
NGC3521,flow,-0.0005,0.5487,18.4835,-0.1889,-0.3320,-0.8799,0.0009,0.0002,
NGC5033,flow,0.1525,-0.6091,9.9848,6.0140,2.9208,2.7738,0.0272,0.0119,
NGC5371,flow,0.0574,-0.1395,7.5336,-16.7037,-8.4640,-9.3911,0.0754,0.0598,
NGC5985,flow,0.0220,-0.2563,18.3924,19.7340,9.8671,12.6698,0.0891,0.1189,
NGC6015,flow,0.1984,-0.6158,4.1253,-1.2033,-1.2767,-0.6345,0.0054,0.0013,
NGC6195,flow,0.0345,0.1139,2.1466,1.0237,-0.1458,0.5414,0.0046,0.0025,
NGC6674,flow,0.1465,-0.9017,30.1743,2.5656,0.8772,1.4126,0.0116,0.0001,
UGC00128,flow,0.6570,-1.4659,11.9922,-1.3372,0.1497,-1.1443,0.0060,0.0000,
UGC00191,flow,0.0553,-0.8887,7.4786,-0.5827,-0.2289,-0.4630,0.0026,0.0000,
UGC00634,flow,0.6606,-1.2317,30.1053,0.2259,0.0217,0.1142,0.0010,0.0000,
UGC00731,flow,0.7945,-1.5332,15.0161,-8.2620,-4.5915,-5.1258,0.0373,0.0156,
UGC00891,flow,0.7445,-1.3769,60.0595,-0.1490,-0.2361,-0.1303,0.0007,0.0000,
UGC02259,flow,0.3364,-1.0539,20.0372,-0.5388,-0.0667,-0.3782,0.0024,0.0000,
UGC02885,flow,0.1240,-0.6260,4.3505,2.0821,1.1484,1.5336,0.0094,0.0020,
UGC02916,flow,0.0179,0.1433,3.5008,4.0583,1.3596,0.9691,0.0183,0.0096,
UGC02953,flow,-0.0001,0.4661,3.2502,12.0481,1.0090,1.7488,0.0544,0.0685,
UGC03205,flow,0.0008,0.0530,3.4240,15.2361,5.8621,9.1190,0.0688,0.0813,
UGC03546,flow,0.0056,-0.1335,11.4272,2.1622,0.5624,0.3569,0.0098,0.0035,
UGC03580,flow,0.0185,-0.0962,7.9716,-47.7702,-23.3454,-27.1335,0.2157,0.5227,
UGC04278,flow,-0.0739,-1.2657,39.0407,-0.2387,-0.4051,-0.1592,0.0011,0.0000,
UGC04325,flow,0.2938,-0.8594,15.0402,-0.7702,-0.2897,-0.4449,0.0035,0.0001,
UGC04499,flow,0.5189,-1.0510,30.0322,-0.2286,-0.1815,-0.2656,0.0010,0.0000,
UGC05005,flow,0.7586,-1.5918,87.2689,-0.0066,0.0069,-0.0300,0.0000,0.0000,
UGC05253,flow,0.0020,0.5470,2.2518,-0.8868,-1.7928,-2.8467,0.0040,0.0057,
UGC05414,flow,0.4245,-0.9463,30.0620,0.1233,-0.0228,-0.0010,0.0006,0.0000,
UGC05716,flow,0.7619,-1.4336,20.0455,-1.5759,-0.7440,-1.1374,0.0071,0.0001,
UGC05721,flow,0.4171,-0.9526,15.0193,-0.7833,-0.0340,-0.3312,0.0035,0.0001,
UGC05750,flow,0.3116,-1.4104,16.9369,0.3032,0.1671,0.0997,0.0014,0.0000,
UGC05764,flow,0.8184,-1.3153,9.9405,-2.3067,-1.0518,-1.3499,0.0104,0.0008,
UGC05829,flow,0.8164,-1.1869,105.0424,-0.1412,-0.1067,-0.1329,0.0006,0.0000,
UGC06446,flow,0.5874,-1.2164,29.9084,-1.7990,-0.8705,-1.2541,0.0081,0.0002,
UGC06614,flow,-0.0056,-0.2717,7.5111,-3.2007,-2.0464,-2.0908,0.0144,0.0011,
UGC06786,flow,0.0078,0.0779,9.1517,-8.6268,-4.6900,-6.0834,0.0389,0.0076,
UGC06787,flow,0.0046,0.1612,4.5514,-7.9507,-4.0796,-6.8806,0.0359,0.0083,
UGC07125,flow,0.5471,-1.3588,30.0022,-1.4628,-0.6933,-1.2024,0.0066,0.0002,
UGC07261,flow,0.1859,-0.9949,29.9163,-0.0895,-0.0775,-0.0969,0.0004,0.0000,
UGC07399,flow,0.4151,-0.9943,14.9255,-0.2778,-0.1643,-0.0607,0.0013,0.0000,
UGC07690,flow,0.2932,-0.7696,15.0057,0.1608,0.0813,-0.0093,0.0007,0.0000,
UGC08699,flow,0.0317,-0.1890,4.5662,-0.9407,-1.0991,-0.7990,0.0042,0.0000,
UGC09037,flow,0.2284,-0.5132,5.9955,-0.6650,-0.4064,-0.3599,0.0030,0.0000,
UGC09133,flow,0.0186,0.0292,2.2758,13.4325,8.0400,8.0364,0.0606,0.0423,
UGC10310,flow,0.4012,-1.0795,29.9898,-0.6008,-0.3171,-0.4432,0.0027,0.0001,
UGC11455,flow,0.0102,0.1194,3.2278,-0.3634,-0.0630,-0.4006,0.0016,0.0000,
UGC11557,flow,0.1848,-0.6898,50.6287,-0.0384,-0.0646,-0.0717,0.0002,0.0000,
UGC11820,flow,0.8477,-1.4029,59.9422,-0.7335,-0.4476,-0.5624,0.0033,0.0000,
UGC11914,flow,0.0005,0.6532,7.9333,-2.5445,-2.0228,-2.8910,0.0115,0.0005,
UGC12506,flow,0.2170,-0.7247,8.4064,3.6406,1.3949,1.6575,0.0164,0.0021,
UGC12732,flow,0.4656,-1.3515,15.0011,-2.0827,-1.1371,-1.4971,0.0094,0.0002,
